Model_Year,Make,Model_1,Vehicle_Class,Engine_Size,Cylinders,Transmission,Fuel_Type,Fuel_Consumption_City,CO2_Emissions,CO2_Rating,Smog_Rating
2023,Acura,Integra,Full-size,1.5,4.0,AV7,4.0,7.9,167,6,7
2023,Acura,Integra A-SPEC,Full-size,1.5,4.0,AV7,4.0,8.1,172,6,7
2023,Acura,Integra A-SPEC,Full-size,1.5,4.0,M6,4.0,8.9,181,6,6
2023,Acura,MDX SH-AWD,SUV: Small,3.5,6.0,AS10,6.0,12.6,263,4,5
2023,Acura,MDX SH-AWD Type S,SUV: Standard,3.0,6.0,AS10,6.0,13.8,291,4,5
2023,Acura,RDX SH-AWD,SUV: Small,2.0,4.0,AS10,4.0,11.0,232,5,6
2023,Acura,RDX SH-AWD A-SPEC,SUV: Small,2.0,4.0,AS10,4.0,11.3,242,5,6
2023,Acura,TLX SH-AWD,Compact,2.0,4.0,AS10,4.0,11.2,230,5,7
2023,Acura,TLX SH-AWD A-SPEC,Compact,2.0,4.0,AS10,4.0,11.3,231,5,7
2023,Acura,TLX Type S,Compact,3.0,6.0,AS10,6.0,12.3,256,5,5
2023,Alfa Romeo,Giulia,Mid-size,2.0,4.0,A8,4.0,10.0,205,5,5
2023,Alfa Romeo,Giulia AWD,Mid-size,2.0,4.0,A8,4.0,10.5,217,5,5
2023,Alfa Romeo,Giulia Quadrifoglio,Mid-size,2.9,6.0,A8,6.0,13.5,271,4,3
2023,Alfa Romeo,Stelvio,SUV: Small,2.0,4.0,A8,4.0,10.3,218,5,5
2023,Alfa Romeo,Stelvio AWD,SUV: Small,2.0,4.0,A8,4.0,10.8,226,5,5
2023,Alfa Romeo,Stelvio AWD Quadrifoglio,SUV: Small,2.9,6.0,A8,6.0,13.9,288,4,3
2023,Alfa Romeo,Tonale AWD,SUV: Small,2.0,4.0,A9,4.0,11.2,231,5,7
2023,Aston Martin,DB11 V8,Minicompact,4.0,8.0,A8,8.0,13.0,271,4,5
2023,Aston Martin,DB11 V12,Minicompact,5.2,12.0,A8,12.0,16.4,324,3,3
2023,Aston Martin,DBS V12,Minicompact,5.2,12.0,A8,12.0,16.4,324,3,3
2023,Aston Martin,DBX V8,SUV: Standard,4.0,8.0,A9,8.0,16.8,343,3,5
2023,Aston Martin,DBX707,SUV: Standard,4.0,8.0,A9,8.0,15.7,329,3,5
2023,Aston Martin,Vantage V8,Two-seater,4.0,8.0,A8,8.0,13.1,270,4,5
2023,Aston Martin,V12 Vantage,Two-seater,5.2,12.0,A8,12.0,17.2,337,3,3
2023,Audi,A3 40 TFSI quattro,Subcompact,2.0,4.0,AM7,4.0,8.7,183,6,7
2023,Audi,A4 Sedan 45 TFSI quattro,Compact,2.0,4.0,AM7,4.0,9.7,203,5,5
2023,Audi,A4 allroad 45 TFSI quattro,Station wagon: Small,2.0,4.0,AM7,4.0,10.1,214,5,5
2023,Audi,A5 Cabriolet 45 TFSI quattro,Subcompact,2.0,4.0,AM7,4.0,9.9,208,5,5
2023,Audi,A5 Coupé 45 TFSI quattro,Subcompact,2.0,4.0,AM7,4.0,9.7,203,5,5
2023,Audi,A5 Sportback 45 TFSI quattro,Mid-size,2.0,4.0,AM7,4.0,9.7,203,5,5
2023,Audi,A6 45 TFSI quattro,Mid-size,2.0,4.0,AM7,4.0,10.0,207,5,5
2023,Audi,A6 55 TFSI quattro,Mid-size,3.0,6.0,AM7,6.0,11.1,224,5,5
2023,Audi,A6 allroad 55 TFSI quattro,Station wagon: Mid-size,3.0,6.0,AM7,6.0,11.1,224,5,5
2023,Audi,A7 Sportback 55 TFSI quattro,Mid-size,3.0,6.0,AM7,6.0,11.1,224,5,5
2023,Audi,A8 L Sedan 55 TFSI quattro,Full-size,3.0,6.0,AS8,6.0,12.5,247,5,5
2023,Audi,Q3 40 TFSI quattro,SUV: Small,2.0,4.0,AS8,4.0,10.9,224,5,6
2023,Audi,Q3 45 TFSI quattro,SUV: Small,2.0,4.0,AS8,4.0,11.2,233,5,7
2023,Audi,Q5 40 TFSI quattro,SUV: Small,2.0,4.0,AM7,4.0,10.2,217,5,1
2023,Audi,Q5 45 TFSI quattro,SUV: Small,2.0,4.0,AM7,4.0,10.6,223,5,5
2023,Audi,Q5 Sportback 45 TFSI quattro,SUV: Small,2.0,4.0,AM7,4.0,10.6,223,5,5
2023,Audi,Q7 45 TFSI quattro,SUV: Standard,2.0,4.0,AS8,4.0,12.2,257,4,5
2023,Audi,Q7 55 TFSI quattro,SUV: Standard,3.0,6.0,AS8,6.0,12.9,281,4,5
2023,Audi,Q8 55 TFSI quattro,SUV: Standard,3.0,6.0,AS8,6.0,12.8,273,4,5
2023,Audi,R8 Coupé Performance,Two-seater,5.2,10.0,AM7,10.0,16.6,320,3,1
2023,Audi,R8 Coupé Performance quattro,Two-seater,5.2,10.0,AM7,10.0,17.7,361,2,1
2023,Audi,R8 Spyder Performance,Two-seater,5.2,10.0,AM7,10.0,16.6,320,3,1
2023,Audi,R8 Spyder Performance quattro,Two-seater,5.2,10.0,AM7,10.0,17.7,361,2,1
2023,Audi,R8 GT Coupé,Two-seater,5.2,10.0,AM7,10.0,16.2,328,3,1
2023,Audi,RS 5 Coupé quattro,Subcompact,2.9,6.0,AS8,6.0,13.2,266,4,5
2023,Audi,RS 5 Sportback quattro,Mid-size,2.9,6.0,AS8,6.0,13.2,267,4,5
2023,Audi,RS 6 Avant quattro,Station wagon: Mid-size,4.0,8.0,AS8,8.0,16.4,328,3,3
2023,Audi,RS 7 Sportback quattro,Mid-size,4.0,8.0,AS8,8.0,16.4,328,3,3
2023,Audi,RS Q8 quattro,SUV: Standard,4.0,8.0,AS8,8.0,17.5,349,3,3
2023,Audi,S3 quattro,Subcompact,2.0,4.0,AM7,4.0,10.2,207,5,5
2023,Audi,S4 Sedan quattro,Compact,3.0,6.0,AS8,6.0,11.1,226,5,5
2023,Audi,S5 Cabriolet quattro,Subcompact,3.0,6.0,AS8,6.0,11.3,233,5,5
2023,Audi,S5 Coupé quattro,Subcompact,3.0,6.0,AS8,6.0,11.1,226,5,5
2023,Audi,S5 Sportback quattro,Mid-size,3.0,6.0,AS8,6.0,11.1,226,5,5
2023,Audi,S6 quattro,Mid-size,2.9,6.0,AS8,6.0,12.3,254,5,5
2023,Audi,S7 quattro,Mid-size,2.9,6.0,AS8,6.0,12.3,254,5,5
2023,Audi,S8 Sedan quattro,Full-size,4.0,8.0,AS8,8.0,15.9,313,4,3
2023,Audi,SQ5 quattro,SUV: Small,3.0,6.0,AS8,6.0,12.5,262,4,5
2023,Audi,SQ5 Sportback quattro,SUV: Small,3.0,6.0,AS8,6.0,12.5,262,4,5
2023,Audi,SQ7 quattro,SUV: Standard,4.0,8.0,AS8,8.0,16.1,325,3,3
2023,Audi,SQ8 quattro,SUV: Standard,4.0,8.0,AS8,8.0,16.1,325,3,3
2023,Audi,TT Coupé 45 TFSI quattro,Subcompact,2.0,4.0,AM7,4.0,10.5,221,5,7
2023,Audi,TT Roadster 45 TFSI quattro,Two-seater,2.0,4.0,AM7,4.0,10.5,221,5,7
2023,Audi,TTS Coupé quattro,Subcompact,2.0,4.0,AM7,4.0,10.0,209,5,3
2023,Bentley,Bentayga,SUV: Standard,4.0,8.0,AS8,8.0,16.2,328,3,3
2023,Bentley,Bentayga EWB,SUV: Standard,4.0,8.0,AS8,8.0,16.2,328,3,3
2023,Bentley,Bentayga Speed,SUV: Standard,6.0,12.0,AS8,12.0,19.3,383,2,3
2023,Bentley,Continental GT,Subcompact,4.0,8.0,AM8,8.0,15.3,307,4,3
2023,Bentley,Continental GT Speed,Subcompact,6.0,12.0,AM8,12.0,19.6,379,2,3
2023,Bentley,Continental GTC,Minicompact,4.0,8.0,AM8,8.0,15.8,315,4,3
2023,Bentley,Continental GTC Speed,Minicompact,6.0,12.0,AM8,12.0,20.3,395,2,3
2023,Bentley,Flying Spur,Mid-size,4.0,8.0,AM8,8.0,15.9,319,3,3
2023,Bentley,Flying Spur Speed,Mid-size,6.0,12.0,AM8,12.0,19.2,373,2,3
2023,BMW,230i xDrive Coupe,Subcompact,2.0,4.0,AS8,4.0,9.6,195,6,3
2023,BMW,330i xDrive Sedan,Compact,2.0,4.0,AS8,4.0,9.8,200,6,7
2023,BMW,430i xDrive Cabriolet,Subcompact,2.0,4.0,AS8,4.0,10.1,203,5,7
2023,BMW,430i xDrive Coupe,Subcompact,2.0,4.0,AS8,4.0,10.1,203,5,7
2023,BMW,530i xDrive Sedan,Mid-size,2.0,4.0,AS8,4.0,10.1,206,5,7
2023,BMW,540i xDrive Sedan,Mid-size,3.0,6.0,AS8,6.0,10.5,219,5,5
2023,BMW,760i xDrive Sedan,Full-size,4.4,8.0,AS8,8.0,13.0,261,4,5
2023,BMW,ALPINA B8 Gran Coupe,Mid-size,4.4,8.0,AS8,8.0,14.1,284,4,3
2023,BMW,ALPINA XB7,SUV: Standard,4.4,8.0,AS8,8.0,15.2,314,4,5
2023,BMW,M2 Coupe,Subcompact,3.0,6.0,AS8,6.0,14.6,294,4,5
2023,BMW,M2 Coupe,Subcompact,3.0,6.0,M6,6.0,14.3,287,4,5
2023,BMW,M240i xDrive Coupe,Subcompact,3.0,6.0,AS8,6.0,10.4,210,5,5
2023,BMW,M3 Sedan,Compact,3.0,6.0,M6,6.0,14.7,293,4,5
2023,BMW,M3 Competition M xDrive Sedan,Compact,3.0,6.0,AS8,6.0,14.6,296,4,5
2023,BMW,M340i xDrive Sedan,Compact,3.0,6.0,AS8,6.0,10.3,210,5,5
2023,BMW,M4 Competition M xDrive Cabriolet,Subcompact,3.0,6.0,AS8,6.0,15.1,301,4,5
2023,BMW,M4 Coupe,Subcompact,3.0,6.0,M6,6.0,14.7,293,4,5
2023,BMW,M4 Competition M xDrive Coupe,Subcompact,3.0,6.0,AS8,6.0,14.6,296,4,5
2023,BMW,M4 CSL Coupe,Subcompact,3.0,6.0,AS8,6.0,15.0,301,4,5
2023,BMW,M440i xDrive Cabriolet,Subcompact,3.0,6.0,AS8,6.0,10.6,216,5,5
2023,BMW,M440i xDrive Coupe,Subcompact,3.0,6.0,AS8,6.0,10.7,216,5,5
2023,BMW,M5 Sedan,Mid-size,4.4,8.0,AS8,8.0,16.1,324,3,3
2023,BMW,M5 Competition Sedan,Mid-size,4.4,8.0,AS8,8.0,16.1,324,3,3
2023,BMW,M550i xDrive Sedan,Mid-size,4.4,8.0,AS8,8.0,14.0,277,4,3
2023,BMW,M8 Competition Cabriolet,Subcompact,4.4,8.0,AS8,8.0,16.1,321,3,3
2023,BMW,M8 Competition Coupe,Subcompact,4.4,8.0,AS8,8.0,16.1,321,3,3
2023,BMW,M8 Competition Gran Coupe,Mid-size,4.4,8.0,AS8,8.0,16.1,321,3,3
2023,BMW,M850i xDrive Cabriolet,Subcompact,4.4,8.0,AS8,8.0,14.1,284,4,3
2023,BMW,M850i xDrive Coupe,Subcompact,4.4,8.0,AS8,8.0,14.1,284,4,3
2023,BMW,M850i xDrive Gran Coupe,Mid-size,4.4,8.0,AS8,8.0,14.1,284,4,3
2023,BMW,X1 xDrive28i,SUV: Small,2.0,4.0,AM7,4.0,9.6,195,6,8
2023,BMW,X3 xDrive30i,SUV: Small,2.0,4.0,AS8,4.0,11.0,229,5,7
2023,BMW,X3 M,SUV: Small,3.0,6.0,AS8,6.0,15.7,323,3,3
2023,BMW,X3 M Competition,SUV: Small,3.0,6.0,AS8,6.0,15.7,323,3,3
2023,BMW,X3 M40i,SUV: Small,3.0,6.0,AS8,6.0,10.9,235,5,5
2023,BMW,X4 xDrive30i,SUV: Small,2.0,4.0,AS8,4.0,11.0,229,5,7
2023,BMW,X4 M,SUV: Small,3.0,6.0,AS8,6.0,15.7,323,3,3
2023,BMW,X4 M Competition,SUV: Small,3.0,6.0,AS8,6.0,15.7,323,3,3
2023,BMW,X4 M40i,SUV: Small,3.0,6.0,AS8,6.0,10.9,235,5,5
2023,BMW,X5 xDrive40i,SUV: Standard,3.0,6.0,AS8,6.0,11.4,242,5,3
2023,BMW,X5 M,SUV: Standard,4.4,8.0,AS8,8.0,17.9,364,2,3
2023,BMW,X5 M Competition,SUV: Standard,4.4,8.0,AS8,8.0,17.9,364,2,3
2023,BMW,X5 M50i,SUV: Standard,4.4,8.0,AS8,8.0,14.7,302,4,3
2023,BMW,X6 xDrive40i,SUV: Standard,3.0,6.0,AS8,6.0,11.4,242,5,3
2023,BMW,X6 M,SUV: Standard,4.4,8.0,AS8,8.0,17.9,364,2,3
2023,BMW,X6 M Competition,SUV: Standard,4.4,8.0,AS8,8.0,17.9,364,2,3
2023,BMW,X6 M50i,SUV: Standard,4.4,8.0,AS8,8.0,14.7,302,4,3
2023,BMW,X7 xDrive40i,SUV: Standard,3.0,6.0,AS8,6.0,11.3,243,5,7
2023,BMW,X7 M60i xDrive,SUV: Standard,4.4,8.0,AS8,8.0,14.3,299,4,5
2023,BMW,Z4 sDrive30i,Two-seater,2.0,4.0,AS8,4.0,9.4,194,6,7
2023,BMW,Z4 M40i,Two-seater,3.0,6.0,AS8,6.0,10.4,210,5,5
2023,Bugatti,Chiron,Two-seater,8.0,16.0,AM7,16.0,26.8,522,1,1
2023,Bugatti,Chiron Pur Sport,Two-seater,8.0,16.0,AM7,16.0,30.3,608,1,1
2023,Bugatti,Chiron Super Sport,Two-seater,8.0,16.0,AM7,16.0,30.3,608,1,1
2023,Buick,Enclave AWD,SUV: Standard,3.6,6.0,A9,6.0,13.6,277,4,6
2023,Buick,Encore GX,SUV: Small,1.2,3.0,AV,3.0,8.0,184,6,7
2023,Buick,Encore GX,SUV: Small,1.3,3.0,AV,3.0,8.2,185,6,7
2023,Buick,Encore GX AWD,SUV: Small,1.3,3.0,A9,3.0,9.0,202,5,7
2023,Buick,Envision,SUV: Small,2.0,4.0,AS9,4.0,10.2,211,5,7
2023,Buick,Envision AWD,SUV: Small,2.0,4.0,AS9,4.0,10.5,222,5,7
2023,Cadillac,CT4,Compact,2.0,4.0,AS8,4.0,10.2,206,5,7
2023,Cadillac,CT4,Compact,2.7,4.0,AS10,4.0,11.0,221,5,6
2023,Cadillac,CT4 AWD,Compact,2.0,4.0,AS8,4.0,10.5,216,5,7
2023,Cadillac,CT4 AWD,Compact,2.7,4.0,AS10,4.0,11.3,231,5,6
2023,Cadillac,CT4-V,Compact,2.7,4.0,AS10,4.0,11.9,239,5,6
2023,Cadillac,CT4-V AWD,Compact,2.7,4.0,AS10,4.0,12.0,244,5,6
2023,Cadillac,CT4-V Blackwing,Compact,3.6,6.0,AS10,6.0,15.0,297,4,5
2023,Cadillac,CT4-V Blackwing,Compact,3.6,6.0,M6,6.0,15.2,303,4,5
2023,Cadillac,CT5,Mid-size,2.0,4.0,AS10,4.0,10.3,207,5,7
2023,Cadillac,CT5,Mid-size,3.0,6.0,AS10,6.0,12.4,252,5,5
2023,Cadillac,CT5 AWD,Mid-size,2.0,4.0,AS10,4.0,10.9,222,5,7
2023,Cadillac,CT5 AWD,Mid-size,3.0,6.0,AS10,6.0,13.1,265,4,5
2023,Cadillac,CT5-V,Mid-size,3.0,6.0,AS10,6.0,13.1,263,4,5
2023,Cadillac,CT5-V AWD,Mid-size,3.0,6.0,AS10,6.0,13.1,265,4,5
2023,Cadillac,CT5-V Blackwing,Mid-size,6.2,8.0,AS10,8.0,17.9,347,3,3
2023,Cadillac,CT5-V Blackwing,Mid-size,6.2,8.0,M6,8.0,18.4,368,2,3
2023,Cadillac,Escalade 4WD,SUV: Standard,3.0,6.0,A10,6.0,11.7,281,4,3
2023,Cadillac,Escalade 4WD,SUV: Standard,6.2,8.0,A10,8.0,16.6,352,3,6
2023,Cadillac,Escalade-V AWD,SUV: Standard,6.2,8.0,AS10,8.0,21.6,436,1,3
2023,Cadillac,XT4,SUV: Small,2.0,4.0,AS9,4.0,10.2,214,5,7
2023,Cadillac,XT4 AWD,SUV: Small,2.0,4.0,AS9,4.0,10.9,228,5,7
2023,Cadillac,XT5,SUV: Small,2.0,4.0,AS9,4.0,10.9,228,5,7
2023,Cadillac,XT5 AWD,SUV: Small,2.0,4.0,AS9,4.0,11.2,237,5,7
2023,Cadillac,XT5 AWD,SUV: Small,3.6,6.0,AS9,6.0,12.9,265,4,6
2023,Cadillac,XT6 AWD,SUV: Small,2.0,4.0,AS9,4.0,11.2,239,5,7
2023,Cadillac,XT6 AWD,SUV: Small,3.6,6.0,AS9,6.0,13.1,269,4,6
2023,Chevrolet,Blazer,SUV: Small,2.0,4.0,A9,4.0,10.6,227,5,7
2023,Chevrolet,Blazer AWD,SUV: Small,2.0,4.0,A9,4.0,10.8,232,5,7
2023,Chevrolet,Blazer AWD,SUV: Small,3.6,6.0,A9,6.0,12.6,259,4,6
2023,Chevrolet,Camaro,Subcompact,2.0,4.0,AS8,4.0,10.9,222,5,5
2023,Chevrolet,Camaro,Subcompact,2.0,4.0,M6,4.0,12.6,249,5,5
2023,Chevrolet,Camaro,Subcompact,3.6,6.0,AS10,6.0,12.8,253,5,6
2023,Chevrolet,Camaro,Subcompact,3.6,6.0,M6,6.0,14.4,281,4,6
2023,Chevrolet,Camaro SS,Subcompact,6.2,8.0,AS10,8.0,14.6,281,4,1
2023,Chevrolet,Camaro SS,Subcompact,6.2,8.0,M6,8.0,14.9,297,4,1
2023,Chevrolet,Camaro ZL1,Subcompact,6.2,8.0,AS10,8.0,18.3,355,3,1
2023,Chevrolet,Camaro ZL1,Subcompact,6.2,8.0,M6,8.0,17.2,349,3,1
2023,Chevrolet,Colorado,Pickup truck: Small,2.7,4.0,A8,4.0,11.7,252,5,7
2023,Chevrolet,Colorado (Turbo Plus),Pickup truck: Small,2.7,4.0,A8,4.0,13.0,277,4,7
2023,Chevrolet,Colorado 4WD,Pickup truck: Small,2.7,4.0,A8,4.0,12.3,265,4,7
2023,Chevrolet,Colorado 4WD (Turbo Plus),Pickup truck: Small,2.7,4.0,A8,4.0,13.5,290,4,7
2023,Chevrolet,Colorado 4WD Mud Terrain Tire (Turbo Plus),Pickup truck: Small,2.7,4.0,A8,4.0,13.9,307,4,7
2023,Chevrolet,Colorado ZR2 4WD,Pickup truck: Small,2.7,4.0,A8,4.0,14.3,335,3,7
2023,Chevrolet,Corvette,Two-seater,6.2,8.0,AS8,8.0,15.0,299,4,5
2023,Chevrolet,Corvette Z06,Two-seater,5.5,8.0,AS8,8.0,19.4,371,2,3
2023,Chevrolet,Corvette Z06 Carbon Aero,Two-seater,5.5,8.0,AS8,8.0,20.0,392,2,3
2023,Chevrolet,Equinox,SUV: Small,1.5,4.0,A6,4.0,8.9,197,6,7
2023,Chevrolet,Equinox AWD,SUV: Small,1.5,4.0,A6,4.0,9.9,211,5,7
2023,Chevrolet,Malibu,Mid-size,1.5,4.0,AV,4.0,8.6,181,6,7
2023,Chevrolet,Silverado,Pickup truck: Standard,2.7,4.0,A8,4.0,12.7,281,4,7
2023,Chevrolet,Silverado,Pickup truck: Standard,3.0,6.0,A10,6.0,10.0,247,5,5
2023,Chevrolet,Silverado,Pickup truck: Standard,5.3,8.0,A10,8.0,14.0,298,4,6
2023,Chevrolet,Silverado FFV,Pickup truck: Standard,5.3,8.0,A10,8.0,14.3,308,4,5
2023,Chevrolet,Silverado FFV,Pickup truck: Standard,5.3,8.0,A10,8.0,19.6,293,4,5
2023,Chevrolet,Silverado 4WD,Pickup truck: Standard,2.7,4.0,A8,4.0,12.9,288,4,7
2023,Chevrolet,Silverado 4WD Mud Terrain Tire,Pickup truck: Standard,2.7,4.0,A8,4.0,13.8,318,3,7
2023,Chevrolet,Silverado 4WD,Pickup truck: Standard,3.0,6.0,A10,6.0,10.7,264,4,5
2023,Chevrolet,Silverado 4WD Mud Terrain Tire,Pickup truck: Standard,3.0,6.0,A10,6.0,11.1,288,4,5
2023,Chevrolet,Silverado 4WD,Pickup truck: Standard,5.3,8.0,A10,8.0,14.8,325,3,6
2023,Chevrolet,Silverado 4WD FFV,Pickup truck: Standard,5.3,8.0,A10,8.0,15.2,326,3,5
2023,Chevrolet,Silverado 4WD FFV,Pickup truck: Standard,5.3,8.0,A10,8.0,21.3,318,3,5
2023,Chevrolet,Silverado 4WD Mud Terrain Tire,Pickup truck: Standard,5.3,8.0,A10,8.0,15.8,343,3,6
2023,Chevrolet,Silverado 4WD Mud Terrain Tire FFV,Pickup truck: Standard,5.3,8.0,A10,8.0,15.2,326,3,5
2023,Chevrolet,Silverado 4WD Mud Terrain Tire FFV,Pickup truck: Standard,5.3,8.0,A10,8.0,21.3,318,3,5
2023,Chevrolet,Silverado 4WD,Pickup truck: Standard,6.2,8.0,A10,8.0,14.9,319,3,6
2023,Chevrolet,Silverado 4WD Mud Terrain Tire,Pickup truck: Standard,6.2,8.0,A10,8.0,16.7,349,3,6
2023,Chevrolet,Silverado 4WD ZR2,Pickup truck: Standard,6.2,8.0,A10,8.0,16.7,364,2,6
2023,Chevrolet,Suburban,SUV: Standard,3.0,6.0,A10,6.0,11.2,272,4,3
2023,Chevrolet,Suburban,SUV: Standard,5.3,8.0,A10,8.0,15.8,327,3,6
2023,Chevrolet,Suburban 4WD,SUV: Standard,3.0,6.0,A10,6.0,11.7,281,4,3
2023,Chevrolet,Suburban 4WD,SUV: Standard,5.3,8.0,A10,8.0,16.0,339,3,6
2023,Chevrolet,Suburban 4WD,SUV: Standard,6.2,8.0,A10,8.0,16.6,352,3,6
2023,Chevrolet,Tahoe,SUV: Standard,3.0,6.0,A10,6.0,11.0,265,4,3
2023,Chevrolet,Tahoe,SUV: Standard,5.3,8.0,A10,8.0,15.8,327,3,6
2023,Chevrolet,Tahoe 4WD,SUV: Standard,3.0,6.0,A10,6.0,11.7,281,4,3
2023,Chevrolet,Tahoe 4WD,SUV: Standard,5.3,8.0,A10,8.0,15.8,327,3,6
2023,Chevrolet,Tahoe 4WD,SUV: Standard,6.2,8.0,A10,8.0,16.6,352,3,6
2023,Chevrolet,Trailblazer,SUV: Small,1.2,3.0,AV,3.0,8.0,184,6,7
2023,Chevrolet,Trailblazer,SUV: Small,1.3,3.0,AV,3.0,8.1,180,6,7
2023,Chevrolet,Trailblazer AWD,SUV: Small,1.3,3.0,A9,3.0,8.9,197,6,7
2023,Chevrolet,Traverse AWD,SUV: Standard,3.6,6.0,A9,6.0,13.6,277,4,6
2023,Chrysler,300,Full-size,3.6,6.0,A8,6.0,12.4,242,5,5
2023,Chrysler,300,Full-size,5.7,8.0,A8,8.0,14.7,289,4,3
2023,Chrysler,300 AWD,Full-size,3.6,6.0,A8,6.0,12.8,258,4,5
2023,Chrysler,300C,Full-size,6.4,8.0,A8,8.0,15.9,307,4,1
2023,Chrysler,Grand Caravan,Minivan,3.6,6.0,A9,6.0,12.4,249,5,7
2023,Chrysler,Pacifica,Minivan,3.6,6.0,A9,6.0,12.4,249,5,7
2023,Chrysler,Pacifica AWD,Minivan,3.6,6.0,A9,6.0,14.1,279,4,7
2023,Dodge,Challenger,Mid-size,3.6,6.0,A8,6.0,12.4,242,5,5
2023,Dodge,Challenger (MDS),Mid-size,5.7,8.0,A8,8.0,14.7,289,4,3
2023,Dodge,Challenger,Mid-size,5.7,8.0,M6,8.0,15.6,307,4,1
2023,Dodge,Challenger (MDS),Mid-size,6.4,8.0,A8,8.0,15.9,307,4,1
2023,Dodge,Challenger,Mid-size,6.4,8.0,M6,8.0,16.7,325,3,1
2023,Dodge,Challenger AWD,Mid-size,3.6,6.0,A8,6.0,12.8,258,4,5
2023,Dodge,Challenger Widebody (MDS),Mid-size,6.4,8.0,A8,8.0,15.9,307,4,1
2023,Dodge,Challenger Widebody,Mid-size,6.4,8.0,M6,8.0,16.7,325,3,1
2023,Dodge,Challenger SRT Hellcat,Mid-size,6.2,8.0,A8,8.0,17.6,339,3,1
2023,Dodge,Challenger SRT Hellcat,Mid-size,6.2,8.0,M6,8.0,18.1,352,3,1
2023,Dodge,Challenger SRT Hellcat Widebody,Mid-size,6.2,8.0,A8,8.0,18.6,359,2,1
2023,Dodge,Challenger SRT Hellcat Widebody,Mid-size,6.2,8.0,M6,8.0,18.1,352,3,1
2023,Dodge,Charger,Full-size,3.6,6.0,A8,6.0,12.4,242,5,5
2023,Dodge,Charger (MDS),Full-size,5.7,8.0,A8,8.0,14.7,289,4,3
2023,Dodge,Charger (MDS),Full-size,6.4,8.0,A8,8.0,15.9,307,4,1
2023,Dodge,Charger AWD,Full-size,3.6,6.0,A8,6.0,12.8,258,4,5
2023,Dodge,Charger Widebody (MDS),Full-size,6.4,8.0,A8,8.0,15.9,307,4,1
2023,Dodge,Charger SRT Hellcat Widebody,Full-size,6.2,8.0,A8,8.0,19.0,368,2,1
2023,Dodge,Durango AWD,SUV: Standard,3.6,6.0,A8,6.0,13.0,266,4,7
2023,Dodge,Durango AWD,SUV: Standard,5.7,8.0,A8,8.0,16.7,331,3,5
2023,Dodge,Durango AWD SRT,SUV: Standard,6.4,8.0,A8,8.0,18.3,363,2,1
2023,Dodge,Durango AWD SRT Hellcat,SUV: Standard,6.2,8.0,A8,8.0,20.5,410,1,1
2023,Dodge,Hornet AWD,SUV: Small,2.0,4.0,A9,4.0,11.2,231,5,7
2023,FIAT,500X AWD,SUV: Small,1.3,4.0,A9,4.0,10.0,221,5,6
2023,Ford,Bronco 4WD,SUV: Small,2.3,4.0,AS10,4.0,12.1,273,4,5
2023,Ford,Bronco 4WD,SUV: Small,2.3,4.0,M7,4.0,11.9,272,4,5
2023,Ford,Bronco 4WD,SUV: Small,2.7,6.0,AS10,6.0,12.5,283,4,5
2023,Ford,Bronco Badlands 4WD,SUV: Small,2.3,4.0,AS10,4.0,13.8,324,3,5
2023,Ford,Bronco Badlands 4WD,SUV: Small,2.3,4.0,M7,4.0,14.7,336,3,5
2023,Ford,Bronco Badlands 4WD,SUV: Small,2.7,6.0,AS10,6.0,14.1,331,3,5
2023,Ford,Bronco Black Diamond 4WD,SUV: Small,2.3,4.0,AS10,4.0,13.1,308,4,5
2023,Ford,Bronco Black Diamond 4WD,SUV: Small,2.3,4.0,M7,4.0,14.7,329,3,5
2023,Ford,Bronco Black Diamond 4WD,SUV: Small,2.7,6.0,AS10,6.0,13.1,308,4,5
2023,Ford,Bronco Raptor 4WD,SUV: Standard,3.0,6.0,AS10,6.0,15.7,358,2,5
2023,Ford,Bronco Sasquatch 4WD,SUV: Small,2.3,4.0,AS10,4.0,13.1,314,4,5
2023,Ford,Bronco Sasquatch 4WD,SUV: Small,2.3,4.0,M7,4.0,14.7,329,3,5
2023,Ford,Bronco Sasquatch 4WD,SUV: Small,2.7,6.0,AS10,6.0,14.1,331,3,5
2023,Ford,Bronco Sport 4WD,SUV: Small,1.5,3.0,A8,3.0,9.3,209,5,7
2023,Ford,Bronco Sport 4WD,SUV: Small,2.0,4.0,AS8,4.0,11.1,240,5,6
2023,Ford,Edge AWD,SUV: Small,2.0,4.0,A8,4.0,11.6,239,5,6
2023,Ford,Edge AWD,SUV: Small,2.0,4.0,AS8,4.0,11.5,238,5,6
2023,Ford,Edge AWD,SUV: Small,2.7,6.0,AS8,6.0,12.7,262,4,6
2023,Ford,Escape,SUV: Small,1.5,3.0,A8,3.0,8.9,188,6,8
2023,Ford,Escape AWD,SUV: Small,1.5,3.0,A8,3.0,9.2,197,6,8
2023,Ford,Escape AWD,SUV: Small,2.0,4.0,A8,4.0,10.2,211,5,7
2023,Ford,Escape Hybrid,SUV: Small,2.5,4.0,AV,4.0,5.6,140,7,8
2023,Ford,Escape Hybrid AWD,SUV: Small,2.5,4.0,AV,4.0,5.6,140,7,8
2023,Ford,Expedition 4X4,SUV: Standard,3.5,6.0,AS10,6.0,14.7,302,4,6
2023,Ford,Expedition 4X4 (Without Stop-Start),SUV: Standard,3.5,6.0,AS10,6.0,15.4,318,3,6
2023,Ford,Expedition Timberline 4X4,SUV: Standard,3.5,6.0,AS10,6.0,14.5,318,3,6
2023,Ford,Expedition Timberline 4X4 (Without Stop-Start),SUV: Standard,3.5,6.0,AS10,6.0,15.2,327,3,6
2023,Ford,Explorer AWD,SUV: Standard,2.3,4.0,A10,4.0,11.6,241,5,7
2023,Ford,Explorer AWD (Without Stop-Start),SUV: Standard,2.3,4.0,A10,4.0,12.0,251,5,7
2023,Ford,Explorer AWD,SUV: Standard,3.0,6.0,A10,6.0,13.4,277,4,5
2023,Ford,Explorer AWD (Without Stop-Start),SUV: Standard,3.0,6.0,A10,6.0,13.8,280,4,5
2023,Ford,Explorer AWD,SUV: Standard,3.0,6.0,AS10,6.0,13.4,277,4,5
2023,Ford,Explorer AWD (Without Stop-Start),SUV: Standard,3.0,6.0,AS10,6.0,13.9,282,4,5
2023,Ford,Explorer Timberline AWD,SUV: Standard,2.3,4.0,AS10,4.0,12.2,269,4,7
2023,Ford,Explorer Timberline AWD (Without Stop-Start),SUV: Standard,2.3,4.0,AS10,4.0,12.5,277,4,7
2023,Ford,Explorer Hybrid AWD,SUV: Standard,3.3,6.0,A10,6.0,10.1,225,5,6
2023,Ford,F-150,Pickup truck: Standard,2.7,6.0,AS10,6.0,12.0,252,5,6
2023,Ford,F-150 (Without Stop-Start),Pickup truck: Standard,2.7,6.0,AS10,6.0,13.0,269,4,6
2023,Ford,F-150 FFV,Pickup truck: Standard,3.3,6.0,AS10,6.0,12.2,261,4,6
2023,Ford,F-150 FFV,Pickup truck: Standard,3.3,6.0,AS10,6.0,16.8,244,5,6
2023,Ford,F-150 FFV (Without Stop-Start),Pickup truck: Standard,3.3,6.0,AS10,6.0,12.5,268,4,6
2023,Ford,F-150 FFV (Without Stop-Start),Pickup truck: Standard,3.3,6.0,AS10,6.0,17.5,253,5,6
2023,Ford,F-150,Pickup truck: Standard,3.5,6.0,AS10,6.0,13.4,281,4,6
2023,Ford,F-150 FFV,Pickup truck: Standard,5.0,8.0,AS10,8.0,14.1,291,4,5
2023,Ford,F-150 FFV,Pickup truck: Standard,5.0,8.0,AS10,8.0,19.4,270,4,5
2023,Ford,F-150 FFV (Without Stop-Start),Pickup truck: Standard,5.0,8.0,AS10,8.0,14.6,300,4,5
2023,Ford,F-150 FFV (Without Stop-Start),Pickup truck: Standard,5.0,8.0,AS10,8.0,19.9,279,4,5
2023,Ford,F-150 4X4,Pickup truck: Standard,2.7,6.0,AS10,6.0,12.8,271,4,6
2023,Ford,F-150 4X4 (Without Stop-Start),Pickup truck: Standard,2.7,6.0,AS10,6.0,13.5,280,4,6
2023,Ford,F-150 4X4 FFV,Pickup truck: Standard,3.3,6.0,AS10,6.0,12.6,277,4,6
2023,Ford,F-150 4X4 FFV,Pickup truck: Standard,3.3,6.0,AS10,6.0,17.1,247,5,6
2023,Ford,F-150 4X4,Pickup truck: Standard,3.5,6.0,AS10,6.0,13.6,284,4,6
2023,Ford,F-150 4X4 (Without Stop-Start),Pickup truck: Standard,3.5,6.0,AS10,6.0,14.6,308,4,6
2023,Ford,F-150 4X4 FFV,Pickup truck: Standard,5.0,8.0,AS10,8.0,14.2,298,4,5
2023,Ford,F-150 4X4 FFV,Pickup truck: Standard,5.0,8.0,AS10,8.0,19.7,278,4,5
2023,Ford,F-150 4X4 FFV (Without Stop-Start),Pickup truck: Standard,5.0,8.0,AS10,8.0,15.0,309,4,5
2023,Ford,F-150 4X4 FFV (Without Stop-Start),Pickup truck: Standard,5.0,8.0,AS10,8.0,20.4,286,4,5
2023,Ford,F-150 Raptor 4X4,Pickup truck: Standard,3.5,6.0,AS10,6.0,15.8,344,3,6
2023,Ford,F-150 Raptor 4X4 (Without Stop-Start),Pickup truck: Standard,3.5,6.0,AS10,6.0,16.8,357,2,6
2023,Ford,F-150 Raptor 37 4X4,Pickup truck: Standard,3.5,6.0,AS10,6.0,16.0,359,2,6
2023,Ford,F-150 Raptor 37 4X4 (Without Stop-Start),Pickup truck: Standard,3.5,6.0,AS10,6.0,16.6,370,2,6
2023,Ford,F-150 Raptor R 4X4,Pickup truck: Standard,5.2,8.0,AS10,8.0,22.8,460,1,5
2023,Ford,F-150 Tremor 4X4,Pickup truck: Standard,3.5,6.0,AS10,6.0,14.3,309,4,6
2023,Ford,F-150 Tremor 4X4 (Without Stop-Start),Pickup truck: Standard,3.5,6.0,AS10,6.0,14.6,311,4,6
2023,Ford,F-150 Tremor 4X4 FFV,Pickup truck: Standard,5.0,8.0,AS10,8.0,15.2,321,3,5
2023,Ford,F-150 Tremor 4X4 FFV,Pickup truck: Standard,5.0,8.0,AS10,8.0,20.3,295,4,5
2023,Ford,F-150 Tremor 4X4 FFV (Without Stop-Start),Pickup truck: Standard,5.0,8.0,AS10,8.0,15.4,322,3,5
2023,Ford,F-150 Tremor 4X4 FFV (Without Stop-Start),Pickup truck: Standard,5.0,8.0,AS10,8.0,20.7,298,4,5
2023,Ford,F-150 Hybrid,Pickup truck: Standard,3.5,6.0,AS10,6.0,10.1,236,5,6
2023,Ford,F-150 Hybrid 4X4,Pickup truck: Standard,3.5,6.0,AS10,6.0,10.5,245,5,6
2023,Ford,Maverick AWD,Pickup truck: Small,2.0,4.0,A8,4.0,10.9,230,5,6
2023,Ford,Maverick Tremor AWD,Pickup truck: Small,2.0,4.0,A8,4.0,11.9,257,4,6
2023,Ford,Maverick Hybrid,Pickup truck: Small,2.5,4.0,AV,4.0,5.8,149,7,7
2023,Ford,Mustang,Subcompact,2.3,4.0,A10,4.0,11.0,220,5,5
2023,Ford,Mustang,Subcompact,2.3,4.0,AS10,4.0,11.6,235,5,5
2023,Ford,Mustang (High Performance),Subcompact,2.3,4.0,AS10,4.0,11.7,242,5,5
2023,Ford,Mustang,Subcompact,2.3,4.0,M6,4.0,11.6,238,5,5
2023,Ford,Mustang (High Performance),Subcompact,2.3,4.0,M6,4.0,11.9,246,5,5
2023,Ford,Mustang,Subcompact,5.0,8.0,AS10,8.0,15.2,299,4,5
2023,Ford,Mustang,Subcompact,5.0,8.0,M6,8.0,16.2,317,3,5
2023,Ford,Mustang Convertible,Subcompact,2.3,4.0,A10,4.0,11.8,240,5,5
2023,Ford,Mustang Convertible,Subcompact,2.3,4.0,AS10,4.0,12.0,244,5,5
2023,Ford,Mustang Convertible (High Performance),Subcompact,2.3,4.0,AS10,4.0,12.1,252,5,5
2023,Ford,Mustang Convertible,Subcompact,2.3,4.0,M6,4.0,11.8,244,5,5
2023,Ford,Mustang Convertible (High Performance),Subcompact,2.3,4.0,M6,4.0,12.3,256,5,5
2023,Ford,Mustang Convertible,Subcompact,5.0,8.0,AS10,8.0,15.8,313,4,5
2023,Ford,Mustang Mach 1,Subcompact,5.0,8.0,AS10,8.0,15.2,303,4,5
2023,Ford,Mustang Mach 1,Subcompact,5.0,8.0,M6,8.0,17.3,343,3,5
2023,Ford,Ranger 4WD,Pickup truck: Standard,2.3,4.0,AS10,4.0,11.8,255,5,3
2023,Ford,Ranger 4WD (Without Stop-Start),Pickup truck: Standard,2.3,4.0,AS10,4.0,12.3,261,4,3
2023,Ford,Ranger Tremor 4WD,Pickup truck: Standard,2.3,4.0,AS10,4.0,12.4,293,4,3
2023,Ford,Transit Connect Van,Special purpose vehicle,2.0,4.0,AS8,4.0,9.8,221,5,6
2023,Ford,Transit Connect Wagon LWB,Special purpose vehicle,2.0,4.0,AS8,4.0,10.0,216,5,6
2023,Genesis,G70 AWD,Compact,2.0,4.0,AS8,4.0,11.4,236,5,3
2023,Genesis,G70 AWD,Compact,3.3,6.0,AS8,6.0,13.5,273,4,3
2023,Genesis,G80 AWD,Full-size,2.5,4.0,AS8,4.0,10.8,225,5,5
2023,Genesis,G80 AWD,Full-size,3.5,6.0,AS8,6.0,14.8,298,4,5
2023,Genesis,G90,Full-size,3.5,6.0,AM8,6.0,13.6,274,4,5
2023,Genesis,GV70 AWD,SUV: Small,2.5,4.0,AS8,4.0,10.7,229,5,5
2023,Genesis,GV70 AWD,SUV: Small,3.5,6.0,AS8,6.0,12.9,275,4,5
2023,Genesis,GV80 AWD,SUV: Standard,2.5,4.0,AS8,4.0,11.3,248,5,5
2023,Genesis,GV80 AWD,SUV: Standard,3.5,6.0,AS8,6.0,12.9,279,4,5
2023,GMC,Acadia AWD,SUV: Standard,2.0,4.0,A9,4.0,10.8,232,5,7
2023,GMC,Acadia AWD,SUV: Standard,3.6,6.0,A9,6.0,12.6,259,4,6
2023,GMC,Canyon,Pickup truck: Small,2.7,4.0,A8,4.0,13.0,277,4,7
2023,GMC,Canyon 4WD,Pickup truck: Small,2.7,4.0,A8,4.0,13.5,290,4,7
2023,GMC,Canyon 4WD Mud Terrain Tire,Pickup truck: Small,2.7,4.0,A8,4.0,13.9,308,4,7
2023,GMC,Canyon AT4X 4WD,Pickup truck: Small,2.7,4.0,A8,4.0,14.3,335,3,7
2023,GMC,Sierra,Pickup truck: Standard,2.7,4.0,A8,4.0,12.7,281,4,7
2023,GMC,Sierra,Pickup truck: Standard,3.0,6.0,A10,6.0,10.0,247,5,5
2023,GMC,Sierra,Pickup truck: Standard,5.3,8.0,A10,8.0,14.3,303,4,6
2023,GMC,Sierra FFV,Pickup truck: Standard,5.3,8.0,A10,8.0,14.3,308,4,5
2023,GMC,Sierra FFV,Pickup truck: Standard,5.3,8.0,A10,8.0,19.6,293,4,5
2023,GMC,Sierra 4WD,Pickup truck: Standard,2.7,4.0,A8,4.0,13.1,291,4,7
2023,GMC,Sierra 4WD Mud Terrain Tire,Pickup truck: Standard,2.7,4.0,A8,4.0,13.8,318,3,7
2023,GMC,Sierra 4WD,Pickup truck: Standard,3.0,6.0,A10,6.0,10.7,264,4,5
2023,GMC,Sierra 4WD Mud Terrain Tire,Pickup truck: Standard,3.0,6.0,A10,6.0,11.1,288,4,5
2023,GMC,Sierra 4WD,Pickup truck: Standard,5.3,8.0,A10,8.0,14.8,325,3,6
2023,GMC,Sierra 4WD FFV,Pickup truck: Standard,5.3,8.0,A10,8.0,15.2,326,3,5
2023,GMC,Sierra 4WD FFV,Pickup truck: Standard,5.3,8.0,A10,8.0,21.3,318,3,5
2023,GMC,Sierra 4WD Mud Terrain Tire,Pickup truck: Standard,5.3,8.0,A10,8.0,16.0,346,3,6
2023,GMC,Sierra 4WD Mud Terrain Tire FFV,Pickup truck: Standard,5.3,8.0,A10,8.0,15.2,326,3,5
2023,GMC,Sierra 4WD Mud Terrain Tire FFV,Pickup truck: Standard,5.3,8.0,A10,8.0,21.3,318,3,5
2023,GMC,Sierra 4WD,Pickup truck: Standard,6.2,8.0,A10,8.0,15.4,330,3,6
2023,GMC,Sierra 4WD Mud Terrain Tire,Pickup truck: Standard,6.2,8.0,A10,8.0,16.7,364,2,6
2023,GMC,Sierra 4WD AT4X,Pickup truck: Standard,6.2,8.0,A10,8.0,16.7,364,2,6
2023,GMC,Terrain,SUV: Small,1.5,4.0,A9,4.0,9.7,211,5,7
2023,GMC,Terrain AWD,SUV: Small,1.5,4.0,A9,4.0,9.9,216,5,7
2023,GMC,Yukon,SUV: Standard,3.0,6.0,A10,6.0,11.2,272,4,3
2023,GMC,Yukon,SUV: Standard,5.3,8.0,A10,8.0,15.8,327,3,6
2023,GMC,Yukon 4WD,SUV: Standard,3.0,6.0,A10,6.0,11.7,281,4,3
2023,GMC,Yukon 4WD,SUV: Standard,5.3,8.0,A10,8.0,15.8,327,3,6
2023,GMC,Yukon 4WD,SUV: Standard,6.2,8.0,A10,8.0,16.6,352,3,6
2023,GMC,Yukon XL,SUV: Standard,3.0,6.0,A10,6.0,11.2,272,4,3
2023,GMC,Yukon XL,SUV: Standard,5.3,8.0,A10,8.0,15.8,327,3,6
2023,GMC,Yukon XL 4WD,SUV: Standard,3.0,6.0,A10,6.0,11.7,281,4,3
2023,GMC,Yukon XL 4WD,SUV: Standard,5.3,8.0,A10,8.0,16.0,339,3,6
2023,GMC,Yukon XL 4WD,SUV: Standard,6.2,8.0,A10,8.0,16.6,352,3,6
2023,Honda,Accord,Full-size,1.5,4.0,AV,4.0,8.1,171,6,7
2023,Honda,Accord Hybrid Sport/Touring,Mid-size,2.0,4.0,AV,4.0,5.0,124,8,7
2023,Honda,Civic Hatchback,Full-size,1.5,4.0,AV7,4.0,7.7,166,6,7
2023,Honda,Civic Hatchback,Full-size,1.5,4.0,M6,4.0,8.5,175,6,6
2023,Honda,Civic Hatchback,Full-size,2.0,4.0,AV,4.0,8.0,167,6,7
2023,Honda,Civic Hatchback,Full-size,2.0,4.0,M6,4.0,9.1,186,6,6
2023,Honda,Civic Sedan,Mid-size,1.5,4.0,AV7,4.0,7.6,162,7,7
2023,Honda,Civic Sedan,Mid-size,2.0,4.0,AV,4.0,7.7,162,7,7
2023,Honda,Civic Sedan,Mid-size,2.0,4.0,AV7,4.0,7.8,165,6,7
2023,Honda,Civic Sedan Si,Mid-size,1.5,4.0,M6,4.0,8.7,180,6,6
2023,Honda,Civic Type R,Full-size,2.0,4.0,M6,4.0,10.8,224,5,6
2023,Honda,CR-V,SUV: Small,1.5,4.0,AV,4.0,8.4,181,6,7
2023,Honda,CR-V AWD,SUV: Small,1.5,4.0,AV,4.0,9.1,197,6,6
2023,Honda,CR-V Hybrid AWD,SUV: Small,2.0,4.0,AV,4.0,6.0,151,7,7
2023,Honda,HR-V,Station wagon: Small,2.0,4.0,AV,4.0,9.1,194,6,7
2023,Honda,HR-V AWD,Station wagon: Small,2.0,4.0,AV,4.0,9.4,203,5,7
2023,Honda,Odyssey,Minivan,3.5,6.0,AS10,6.0,12.2,248,5,5
2023,Honda,Passport AWD,SUV: Small,3.5,6.0,AS9,6.0,12.5,265,4,3
2023,Honda,Pilot AWD,SUV: Standard,3.5,6.0,AS10,6.0,12.4,258,4,7
2023,Honda,Pilot AWD Touring/Elite/Black,SUV: Standard,3.5,6.0,AS10,6.0,12.7,262,4,7
2023,Honda,Pilot AWD TrailSport,SUV: Standard,3.5,6.0,AS10,6.0,13.0,275,4,7
2023,Honda,Ridgeline AWD,Pickup truck: Standard,3.5,6.0,AS9,6.0,12.8,271,4,3
2023,Hyundai,Elantra,Mid-size,1.6,4.0,AM7,4.0,8.4,179,6,5
2023,Hyundai,Elantra,Mid-size,2.0,4.0,AV1,4.0,7.6,158,7,5
2023,Hyundai,Elantra (ISG),Mid-size,2.0,4.0,AV1,4.0,7.1,151,7,5
2023,Hyundai,Elantra N,Mid-size,2.0,4.0,AM8,4.0,12.1,241,5,3
2023,Hyundai,Elantra N,Mid-size,2.0,4.0,M6,4.0,10.9,223,5,3
2023,Hyundai,Elantra Hybrid,Mid-size,1.6,4.0,AM6,4.0,4.8,110,8,7
2023,Hyundai,Kona,SUV: Small,2.0,4.0,AV,4.0,8.0,174,6,7
2023,Hyundai,Kona N,SUV: Small,2.0,4.0,AM8,4.0,11.8,246,5,3
2023,Hyundai,Kona AWD,SUV: Small,1.6,4.0,AM7,4.0,8.8,193,6,5
2023,Hyundai,Kona AWD,SUV: Small,2.0,4.0,AV,4.0,8.5,187,6,7
2023,Hyundai,Palisade AWD,SUV: Small,3.8,6.0,AS8,6.0,12.6,263,4,5
2023,Hyundai,Santa Cruz AWD,Pickup truck: Small,2.5,4.0,AM8,4.0,12.1,250,5,5
2023,Hyundai,Santa Fe AWD,SUV: Small,2.5,4.0,AM8,4.0,11.0,233,5,5
2023,Hyundai,Santa Fe AWD,SUV: Small,2.5,4.0,AS8,4.0,10.6,235,5,7
2023,Hyundai,Santa Fe Hybrid,SUV: Small,1.6,4.0,AM6,4.0,7.1,176,6,7
2023,Hyundai,Sonata,Full-size,1.6,4.0,AS8,4.0,9.0,186,6,5
2023,Hyundai,Sonata,Full-size,2.5,4.0,AM8,4.0,10.1,208,5,5
2023,Hyundai,Sonata,Full-size,2.5,4.0,AS8,4.0,8.8,182,6,7
2023,Hyundai,Sonata Hybrid,Full-size,2.0,4.0,AM6,4.0,5.3,117,8,7
2023,Hyundai,Tucson,SUV: Small,2.5,4.0,AS8,4.0,9.4,200,6,7
2023,Hyundai,Tucson AWD,SUV: Small,2.5,4.0,AS8,4.0,10.1,218,5,7
2023,Hyundai,Tucson Hybrid,SUV: Small,1.6,4.0,AM6,4.0,6.3,152,7,7
2023,Hyundai,Venue,Mid-size,1.6,4.0,AV1,4.0,7.9,177,6,5
2023,Infiniti,Q50 AWD,Mid-size,3.0,6.0,AS7,6.0,12.5,254,5,3
2023,Infiniti,Q50 AWD Red Sport,Mid-size,3.0,6.0,AS7,6.0,12.5,261,4,3
2023,Infiniti,QX50 AWD,SUV: Small,2.0,4.0,AV8,4.0,10.8,228,5,6
2023,Infiniti,QX55 AWD,SUV: Small,2.0,4.0,AV8,4.0,10.4,222,5,6
2023,Infiniti,QX60 AWD,SUV: Standard,3.5,6.0,AS9,6.0,11.9,251,5,5
2023,Infiniti,QX80 4WD,SUV: Standard,5.6,8.0,AS7,8.0,17.5,355,3,3
2023,Jaguar,E-PACE P250,SUV: Small,2.0,4.0,AS9,4.0,11.5,247,5,7
2023,Jaguar,F-PACE P250,SUV: Small,2.0,4.0,AS8,4.0,10.7,227,5,7
2023,Jaguar,F-PACE P400,SUV: Small,3.0,6.0,AS8,6.0,12.1,253,5,7
2023,Jaguar,F-PACE P550 SVR,SUV: Small,5.0,8.0,AS8,8.0,15.4,316,3,3
2023,Jaguar,F-TYPE P450 Convertible,Two-seater,5.0,8.0,AS8,8.0,14.1,286,4,3
2023,Jaguar,F-TYPE P450 Convertible AWD,Two-seater,5.0,8.0,AS8,8.0,15.2,299,4,3
2023,Jaguar,F-TYPE P450 Coupe,Two-seater,5.0,8.0,AS8,8.0,14.1,286,4,3
2023,Jaguar,F-TYPE P450 Coupe AWD,Two-seater,5.0,8.0,AS8,8.0,15.2,299,4,3
2023,Jaguar,F-TYPE R Convertible AWD,Two-seater,5.0,8.0,AS8,8.0,15.2,299,4,3
2023,Jaguar,F-TYPE R Coupe AWD,Two-seater,5.0,8.0,AS8,8.0,15.2,299,4,3
2023,Jaguar,XF P250,Mid-size,2.0,4.0,AS8,4.0,9.4,197,6,7
2023,Jaguar,XF P300 AWD,Mid-size,2.0,4.0,AS8,4.0,10.6,219,5,7
2023,Jeep,Cherokee 4X4 Active Drive I,SUV: Small,2.4,4.0,A9,4.0,11.2,230,5,6
2023,Jeep,Cherokee 4X4 Trailhawk Active Drive Lock,SUV: Small,2.0,4.0,A9,4.0,11.8,249,5,5
2023,Jeep,Compass 4X4,SUV: Small,2.0,4.0,A8,4.0,9.9,205,5,7
2023,Jeep,Gladiator 4X4 EcoDiesel,Pickup truck: Standard,3.0,6.0,A8,6.0,10.8,263,4,1
2023,Jeep,Gladiator 4X4 Rubicon EcoDiesel,Pickup truck: Standard,3.0,6.0,A8,6.0,11.0,271,4,1
2023,Jeep,Gladiator 4X4,Pickup truck: Standard,3.6,6.0,A8,6.0,13.7,290,4,7
2023,Jeep,Gladiator 4X4,Pickup truck: Standard,3.6,6.0,M6,6.0,14.3,296,4,5
2023,Jeep,Grand Cherokee 4X4,SUV: Standard,3.6,6.0,A8,6.0,12.3,256,5,7
2023,Jeep,Grand Cherokee 4X4,SUV: Standard,5.7,8.0,A8,8.0,16.7,331,3,5
2023,Jeep,Grand Cherokee L 4X4,SUV: Standard,3.6,6.0,A8,6.0,13.0,266,4,7
2023,Jeep,Grand Cherokee L 4X4,SUV: Standard,5.7,8.0,A8,8.0,16.7,331,3,5
2023,Jeep,Grand Wagoneer 4X4 (High Output),SUV: Standard,3.0,6.0,A8,6.0,16.3,334,3,5
2023,Jeep,Grand Wagoneer 4X4,SUV: Standard,6.4,8.0,A8,8.0,18.6,374,2,1
2023,Jeep,Grand Wagoneer L 4X4 (High Output),SUV: Standard,3.0,6.0,A8,6.0,17.0,352,3,5
2023,Jeep,Renegade 4X4,SUV: Small,1.3,4.0,A9,4.0,10.1,222,5,6
2023,Jeep,Renegade 4X4 Trailhawk,SUV: Small,1.3,4.0,A9,4.0,10.8,231,5,6
2023,Jeep,Wagoneer 4X4,SUV: Standard,3.0,6.0,A8,6.0,14.5,293,4,6
2023,Jeep,Wagoneer 4X4,SUV: Standard,5.7,8.0,A8,8.0,15.6,324,3,5
2023,Jeep,Wagoneer L 4X4,SUV: Standard,3.0,6.0,A8,6.0,14.5,297,4,6
2023,Jeep,Wrangler JL 4X4,SUV: Small,2.0,4.0,A8,4.0,10.7,241,5,5
2023,Jeep,Wrangler JL 4X4,SUV: Small,3.6,6.0,A8,6.0,12.8,274,4,7
2023,Jeep,Wrangler JL 4X4 eTorque,SUV: Small,3.6,6.0,A8,6.0,12.0,258,4,7
2023,Jeep,Wrangler JL 4X4,SUV: Small,3.6,6.0,M6,6.0,13.7,277,4,5
2023,Jeep,Wrangler JL Unlimited 4X4,SUV: Small,2.0,4.0,A8,4.0,11.5,251,5,5
2023,Jeep,Wrangler JL Unlimited 4X4 EcoDiesel,SUV: Small,3.0,6.0,A8,6.0,10.6,255,5,1
2023,Jeep,Wrangler JL Unlimited 4X4 Rubicon EcoDiesel,SUV: Small,3.0,6.0,A8,6.0,11.2,275,4,1
2023,Jeep,Wrangler JL Unlimited 4X4,SUV: Small,3.6,6.0,A8,6.0,12.9,275,4,7
2023,Jeep,Wrangler JL Unlimited 4X4 eTorque,SUV: Small,3.6,6.0,A8,6.0,12.3,262,4,7
2023,Jeep,Wrangler JL Unlimited 4X4,SUV: Small,3.6,6.0,M6,6.0,13.8,285,4,5
2023,Jeep,Wrangler JL Unlimited 4X4 392,SUV: Small,6.4,8.0,A8,8.0,18.5,387,2,1
2023,Kia,Carnival,Minivan,3.5,6.0,AS8,6.0,12.1,252,5,5
2023,Kia,Forte,Mid-size,1.6,4.0,AM7,4.0,8.7,184,6,5
2023,Kia,Forte,Mid-size,2.0,4.0,AV,4.0,8.2,170,6,7
2023,Kia,Forte 5,Full-size,1.6,4.0,AM7,4.0,8.9,190,6,5
2023,Kia,Forte 5,Full-size,2.0,4.0,AV,4.0,8.6,182,6,7
2023,Kia,K5,Full-size,2.5,4.0,AM8,4.0,9.9,207,5,5
2023,Kia,K5 AWD,Full-size,1.6,4.0,AS8,4.0,9.3,196,6,5
2023,Kia,Niro,Station wagon: Small,1.6,4.0,AM6,4.0,4.5,112,8,7
2023,Kia,Niro FE,Station wagon: Small,1.6,4.0,AM6,4.0,4.5,104,9,7
2023,Kia,Rio,Compact,1.6,4.0,AV1,4.0,7.2,160,7,3
2023,Kia,Rio,Compact,1.6,4.0,M6,4.0,7.7,166,6,3
2023,Kia,Seltos,SUV: Small,2.0,4.0,AV8,4.0,8.2,182,6,5
2023,Kia,Seltos AWD,SUV: Small,1.6,4.0,AM7,4.0,9.4,205,5,5
2023,Kia,Seltos AWD,SUV: Small,2.0,4.0,AV8,4.0,8.8,195,6,5
2023,Kia,Sorento AWD,SUV: Small,2.5,4.0,AM8,4.0,10.9,234,5,5
2023,Kia,Sorento AWD,SUV: Small,2.5,4.0,AS8,4.0,10.1,227,5,5
2023,Kia,Sorento Hybrid AWD,SUV: Small,1.6,4.0,AM6,4.0,6.4,157,7,7
2023,Kia,Soul,Station wagon: Small,2.0,4.0,AV,4.0,8.5,187,6,7
2023,Kia,Sportage,SUV: Small,2.5,4.0,AS8,4.0,9.3,198,6,5
2023,Kia,Sportage AWD,SUV: Small,2.5,4.0,AS8,4.0,10.4,224,5,5
2023,Kia,Sportage Hybrid AWD,SUV: Small,1.6,4.0,AM6,4.0,6.1,145,7,7
2023,Kia,Stinger AWD,Mid-size,3.3,6.0,AS8,6.0,13.7,280,4,3
2023,Kia,Telluride AWD,SUV: Small,3.8,6.0,AS8,6.0,12.8,269,4,5
2023,Lamborghini,Huracán EVO Coupe,Two-seater,5.2,10.0,AM7,10.0,18.0,368,2,1
2023,Lamborghini,Huracán EVO Coupe AWD,Two-seater,5.2,10.0,AM7,10.0,18.2,370,2,1
2023,Lamborghini,Huracán EVO Spyder,Two-seater,5.2,10.0,AM7,10.0,18.0,368,2,1
2023,Lamborghini,Huracán EVO Spyder AWD,Two-seater,5.2,10.0,AM7,10.0,18.2,370,2,1
2023,Lamborghini,Urus Performante,SUV: Standard,4.0,8.0,AS8,8.0,16.6,345,3,3
2023,Lamborghini,Urus S,SUV: Standard,4.0,8.0,AS8,8.0,16.6,345,3,3
2023,Land Rover,Defender 90 P300,SUV: Standard,2.0,4.0,AS8,4.0,13.2,289,4,7
2023,Land Rover,Defender 90 P400,SUV: Standard,3.0,6.0,AS8,6.0,12.9,276,4,7
2023,Land Rover,Defender 90 5.0L V8,SUV: Standard,5.0,8.0,AS8,8.0,15.8,339,3,3
2023,Land Rover,Defender 110 P300,SUV: Standard,2.0,4.0,AS8,4.0,14.2,306,4,7
2023,Land Rover,Defender 110 P400,SUV: Standard,3.0,6.0,AS8,6.0,12.9,276,4,7
2023,Land Rover,Defender 110 5.0L V8,SUV: Standard,5.0,8.0,AS8,8.0,16.4,350,3,3
2023,Land Rover,Discovery P300,SUV: Standard,2.0,4.0,AS8,4.0,12.2,271,4,7
2023,Land Rover,Discovery P360,SUV: Standard,3.0,6.0,AS8,6.0,12.1,258,4,7
2023,Land Rover,Discovery Sport P250,SUV: Small,2.0,4.0,AS9,4.0,12.7,271,4,7
2023,Land Rover,Range Rover P400,SUV: Standard,3.0,6.0,AS8,6.0,13.1,265,4,7
2023,Land Rover,Range Rover P400 LWB,SUV: Standard,3.0,6.0,AS8,6.0,13.1,265,4,7
2023,Land Rover,Range Rover P530,SUV: Standard,4.4,8.0,AS8,8.0,15.1,316,4,5
2023,Land Rover,Range Rover P530 LWB,SUV: Standard,4.4,8.0,AS8,8.0,15.2,314,4,5
2023,Land Rover,Range Rover Sport P360,SUV: Standard,3.0,6.0,AS8,6.0,12.3,254,5,7
2023,Land Rover,Range Rover Sport HST P400,SUV: Standard,3.0,6.0,AS8,6.0,13.1,265,4,7
2023,Land Rover,Range Rover Sport P530,SUV: Standard,4.4,8.0,AS8,8.0,15.1,316,4,5
2023,Land Rover,Range Rover Evoque P250,SUV: Small,2.0,4.0,AS9,4.0,11.9,247,5,7
2023,Land Rover,Range Rover Evoque P300,SUV: Small,2.0,4.0,AS9,4.0,11.3,244,5,7
2023,Land Rover,Range Rover Velar P250,SUV: Small,2.0,4.0,AS8,4.0,11.5,244,5,7
2023,Land Rover,Range Rover Velar P340,SUV: Small,3.0,6.0,AS8,6.0,11.8,248,5,7
2023,Land Rover,Range Rover Velar P400,SUV: Small,3.0,6.0,AS8,6.0,12.6,265,4,7
2023,Lexus,ES 250 AWD,Mid-size,2.5,4.0,AS8,4.0,9.5,195,6,6
2023,Lexus,ES 300h,Mid-size,2.5,4.0,AV6,4.0,5.5,124,8,7
2023,Lexus,ES 350,Mid-size,3.5,6.0,AS8,6.0,10.7,214,5,5
2023,Lexus,ES 350 F SPORT,Mid-size,3.5,6.0,AS8,6.0,10.9,219,5,5
2023,Lexus,GX 460,SUV: Standard,4.6,8.0,AS6,8.0,16.2,337,3,3
2023,Lexus,IS 300,Compact,2.0,4.0,AS8,4.0,11.0,221,5,5
2023,Lexus,IS 300 AWD,Compact,3.5,6.0,AS6,6.0,12.2,253,5,5
2023,Lexus,IS 350 AWD,Compact,3.5,6.0,AS6,6.0,12.2,253,5,5
2023,Lexus,IS 500,Compact,5.0,8.0,AS8,8.0,14.1,280,4,5
2023,Lexus,LC 500,Subcompact,5.0,8.0,AS10,8.0,15.1,294,4,5
2023,Lexus,LC 500 Convertible,Minicompact,5.0,8.0,AS10,8.0,16.0,304,4,5
2023,Lexus,LC 500h,Subcompact,3.5,6.0,AV10,6.0,9.0,189,6,7
2023,Lexus,LS 500 AWD,Mid-size,3.4,6.0,AS10,6.0,13.8,270,4,5
2023,Lexus,LS 500h AWD,Mid-size,3.5,6.0,AV10,6.0,10.1,217,5,7
2023,Lexus,LX 600,SUV: Standard,3.4,6.0,AS10,6.0,14.2,298,4,5
2023,Lexus,NX 250 AWD,SUV: Small,2.5,4.0,AS8,4.0,9.4,198,6,6
2023,Lexus,NX 350 AWD,SUV: Small,2.4,4.0,AS8,4.0,10.5,221,5,7
2023,Lexus,NX 350 AWD F SPORT,SUV: Small,2.4,4.0,AS8,4.0,10.5,222,5,7
2023,Lexus,NX 350h AWD,SUV: Small,2.5,4.0,AV6,4.0,5.7,139,7,7
2023,Lexus,RC 300 AWD,Subcompact,3.5,6.0,AS6,6.0,12.2,253,5,5
2023,Lexus,RC 350 AWD,Subcompact,3.5,6.0,AS6,6.0,12.2,253,5,5
2023,Lexus,RC F,Subcompact,5.0,8.0,AS8,8.0,14.4,285,4,5
2023,Lexus,RX 350 AWD,SUV: Small,2.4,4.0,AS8,4.0,11.2,231,5,7
2023,Lexus,RX 350h AWD,SUV: Small,2.5,4.0,AV6,4.0,6.3,151,7,7
2023,Lexus,RX 500h AWD,SUV: Small,2.4,4.0,AS6,4.0,8.7,199,6,7
2023,Lexus,UX 250h AWD,Compact,2.0,4.0,AV6,4.0,5.7,140,7,7
2023,Lincoln,Aviator AWD,SUV: Standard,3.0,6.0,AS10,6.0,13.7,280,4,5
2023,Lincoln,Aviator AWD (Without Stop-Start),SUV: Standard,3.0,6.0,AS10,6.0,14.7,292,4,5
2023,Lincoln,Corsair AWD,SUV: Small,2.0,4.0,AS8,4.0,11.2,232,5,7
2023,Lincoln,Nautilus AWD,SUV: Small,2.0,4.0,A8,4.0,11.6,249,5,6
2023,Lincoln,Nautilus AWD,SUV: Small,2.0,4.0,AS8,4.0,11.5,249,5,6
2023,Lincoln,Nautilus AWD,SUV: Small,2.7,6.0,AS8,6.0,12.7,262,4,6
2023,Lincoln,Navigator 4X4,SUV: Standard,3.5,6.0,AS10,6.0,15.2,310,4,6
2023,Lincoln,Navigator 4X4 (Without Stop-Start),SUV: Standard,3.5,6.0,AS10,6.0,15.7,320,3,6
2023,Maserati,Ghibli GT,Mid-size,3.0,6.0,A8,6.0,13.4,271,4,3
2023,Maserati,Ghibli Modena,Mid-size,3.0,6.0,A8,6.0,13.4,271,4,3
2023,Maserati,Ghibli Modena AWD,Mid-size,3.0,6.0,A8,6.0,14.1,284,4,3
2023,Maserati,Ghibli Trofeo,Mid-size,3.8,8.0,A8,8.0,17.4,348,3,1
2023,Maserati,Grecale GT,SUV: Small,2.0,4.0,A8,4.0,10.6,218,5,5
2023,Maserati,Grecale Modena,SUV: Small,2.0,4.0,A8,4.0,10.6,218,5,5
2023,Maserati,Grecale Trofeo,SUV: Small,3.0,6.0,A8,6.0,13.3,268,4,5
2023,Maserati,Levante GT,SUV: Standard,3.0,6.0,A8,6.0,15.1,308,4,3
2023,Maserati,Levante Modena,SUV: Standard,3.0,6.0,A8,6.0,15.1,308,4,3
2023,Maserati,Levante Modena V8,SUV: Standard,3.8,8.0,A8,8.0,17.4,349,3,1
2023,Maserati,Levante Trofeo,SUV: Standard,3.8,8.0,A8,8.0,17.4,349,3,1
2023,Maserati,MC20,Two-seater,3.0,6.0,AS8,6.0,15.4,295,4,5
2023,Maserati,MC20 Spyder,Two-seater,3.0,6.0,AS8,6.0,15.6,299,4,5
2023,Maserati,Quattroporte GT,Full-size,3.0,6.0,A8,6.0,14.4,281,4,3
2023,Maserati,Quattroporte Modena,Full-size,3.0,6.0,A8,6.0,14.4,281,4,3
2023,Maserati,Quattroporte Modena AWD,Full-size,3.0,6.0,A8,6.0,14.1,284,4,3
2023,Maserati,Quattroporte Trofeo,Full-size,3.8,8.0,A8,8.0,17.4,348,3,1
2023,Mazda,CX-30 4WD,SUV: Small,2.0,4.0,AS6,4.0,9.4,202,5,7
2023,Mazda,CX-30 4WD,SUV: Small,2.5,4.0,AS6,4.0,9.0,192,6,7
2023,Mazda,CX-30 Turbo 4WD,SUV: Small,2.5,4.0,AS6,4.0,10.5,220,5,5
2023,Mazda,CX-5 4WD,SUV: Small,2.5,4.0,AS6,4.0,9.8,209,5,6
2023,Mazda,CX-5 Turbo 4WD,SUV: Small,2.5,4.0,AS6,4.0,10.8,230,5,5
2023,Mazda,CX-50 4WD,SUV: Small,2.5,4.0,AS6,4.0,9.7,209,5,7
2023,Mazda,CX-50 Turbo 4WD,SUV: Small,2.5,4.0,AS6,4.0,10.4,220,5,3
2023,Mazda,CX-9 4WD,SUV: Small,2.5,4.0,AS6,4.0,11.6,245,5,5
2023,Mazda,Mazda3 4-Door,Compact,2.0,4.0,AS6,4.0,8.4,178,6,7
2023,Mazda,Mazda3 4-Door (SIL),Compact,2.0,4.0,M6,4.0,8.7,180,6,7
2023,Mazda,Mazda3 4-Door,Compact,2.5,4.0,AS6,4.0,8.6,179,6,7
2023,Mazda,Mazda3 4-Door 4WD,Compact,2.5,4.0,AS6,4.0,8.8,185,6,7
2023,Mazda,Mazda3 4-Door Turbo 4WD,Compact,2.5,4.0,AS6,4.0,10.1,207,5,5
2023,Mazda,Mazda3 5-Door,Mid-size,2.0,4.0,AS6,4.0,8.6,181,6,7
2023,Mazda,Mazda3 5-Door (SIL),Mid-size,2.0,4.0,M6,4.0,8.7,181,6,7
2023,Mazda,Mazda3 5-Door,Mid-size,2.5,4.0,AS6,4.0,8.7,183,6,7
2023,Mazda,Mazda3 5-Door (SIL),Mid-size,2.5,4.0,M6,4.0,9.0,184,6,7
2023,Mazda,Mazda3 5-Door 4WD,Mid-size,2.5,4.0,AS6,4.0,9.0,190,6,7
2023,Mazda,Mazda3 5-Door Turbo 4WD,Mid-size,2.5,4.0,AS6,4.0,10.1,209,5,5
2023,Mazda,MX-5,Two-seater,2.0,4.0,AS6,4.0,9.0,186,6,3
2023,Mazda,MX-5 (SIL),Two-seater,2.0,4.0,M6,4.0,9.0,189,6,3
2023,Mercedes-Benz,AMG C 43 4MATIC Cabriolet,Subcompact,3.0,6.0,A9,6.0,13.3,268,4,5
2023,Mercedes-Benz,AMG C 43 4MATIC Coupe,Subcompact,3.0,6.0,A9,6.0,12.9,257,5,5
2023,Mercedes-Benz,AMG CLA 35 4MATIC Coupe,Compact,2.0,4.0,AM7,4.0,11.4,232,5,5
2023,Mercedes-Benz,AMG CLA 45 4MATIC Coupe,Compact,2.0,4.0,AM8,4.0,12.0,241,5,3
2023,Mercedes-Benz,AMG CLS 53 4MATIC+ Coupe,Compact,3.0,6.0,A9,6.0,11.6,241,5,6
2023,Mercedes-Benz,AMG E 53 4MATIC+ Sedan,Mid-size,3.0,6.0,A9,6.0,11.0,227,5,6
2023,Mercedes-Benz,AMG E 53 4MATIC+ Cabriolet,Subcompact,3.0,6.0,A9,6.0,11.6,242,5,6
2023,Mercedes-Benz,AMG E 53 4MATIC+ Coupe,Subcompact,3.0,6.0,A9,6.0,11.5,238,5,6
2023,Mercedes-Benz,AMG GLA 35 4MATIC SUV,Station wagon: Small,2.0,4.0,AM8,4.0,10.7,222,5,5
2023,Mercedes-Benz,AMG GLA 45 4MATIC SUV,Station wagon: Small,2.0,4.0,AM8,4.0,12.2,256,5,3
2023,Mercedes-Benz,AMG GLB 35 4MATIC SUV,Station wagon: Mid-size,2.0,4.0,AM8,4.0,11.3,238,5,5
2023,Mercedes-Benz,AMG GLC 43 4MATIC Coupe,SUV: Small,3.0,6.0,A9,6.0,13.5,274,4,5
2023,Mercedes-Benz,AMG GLE 53 4MATIC+ SUV,SUV: Standard,3.0,6.0,A9,6.0,13.4,284,4,6
2023,Mercedes-Benz,AMG GLE 53 4MATIC+ Coupe,SUV: Standard,3.0,6.0,A9,6.0,13.1,277,4,6
2023,Mercedes-Benz,AMG GLE 63 S 4MATIC+ SUV,SUV: Standard,4.0,8.0,A9,8.0,16.3,343,3,5
2023,Mercedes-Benz,AMG GLE 63 S 4MATIC+ Coupe,SUV: Standard,4.0,8.0,A9,8.0,16.5,347,3,5
2023,Mercedes-Benz,AMG GLS 63 4MATIC+ SUV,SUV: Standard,4.0,8.0,A9,8.0,16.6,354,3,5
2023,Mercedes-Benz,AMG GT 53 4MATIC+ Coupe,Compact,3.0,6.0,A9,6.0,12.3,262,4,6
2023,Mercedes-Benz,C 300 4MATIC Cabriolet,Subcompact,2.0,4.0,A9,4.0,11.0,223,5,6
2023,Mercedes-Benz,C 300 4MATIC Coupe,Subcompact,2.0,4.0,A9,4.0,10.7,218,5,6
2023,Mercedes-Benz,C 300 4MATIC Sedan,Compact,2.0,4.0,A9,4.0,9.8,201,6,7
2023,Mercedes-Benz,CLA 250 4MATIC Coupe,Compact,2.0,4.0,AM7,4.0,9.8,200,6,5
2023,Mercedes-Benz,CLS 450 4MATIC Coupe,Compact,3.0,6.0,A9,6.0,11.0,229,5,6
2023,Mercedes-Benz,E 350 4MATIC Sedan,Mid-size,2.0,4.0,A9,4.0,11.2,228,5,6
2023,Mercedes-Benz,E 450 4MATIC Cabriolet,Subcompact,3.0,6.0,A9,6.0,11.2,233,5,6
2023,Mercedes-Benz,E 450 4MATIC Coupe,Subcompact,3.0,6.0,A9,6.0,11.0,225,5,6
2023,Mercedes-Benz,E 450 4MATIC Sedan,Mid-size,3.0,6.0,A9,6.0,10.6,219,5,6
2023,Mercedes-Benz,E 450 4MATIC All-Terrain Wagon,Station wagon: Mid-size,3.0,6.0,A9,6.0,11.4,233,5,6
2023,Mercedes-Benz,G 550 SUV,SUV: Standard,4.0,8.0,A9,8.0,17.9,383,2,3
2023,Mercedes-Benz,GLA 250 4MATIC SUV,SUV: Small,2.0,4.0,AM8,4.0,10.3,210,5,5
2023,Mercedes-Benz,GLB 250 4MATIC SUV,SUV: Small,2.0,4.0,AM8,4.0,10.7,221,5,5
2023,Mercedes-Benz,GLC 300 4MATIC Coupe,SUV: Small,2.0,4.0,A9,4.0,12.2,253,5,6
2023,Mercedes-Benz,GLE 350 4MATIC SUV,SUV: Standard,2.0,4.0,A9,4.0,12.1,257,5,5
2023,Mercedes-Benz,GLE 450 4MATIC SUV,SUV: Standard,3.0,6.0,A9,6.0,11.5,245,5,6
2023,Mercedes-Benz,GLE 450 4MATIC Coupe,SUV: Standard,3.0,6.0,A9,6.0,11.7,247,5,6
2023,Mercedes-Benz,GLS 450 4MATIC SUV,SUV: Standard,3.0,6.0,A9,6.0,12.7,270,4,6
2023,Mercedes-Benz,GLS 580 4MATIC SUV,SUV: Standard,4.0,8.0,A9,8.0,14.9,310,4,5
2023,Mercedes-Benz,GLS 600 4MATIC Maybach SUV,SUV: Standard,4.0,8.0,A9,8.0,16.8,346,3,5
2023,Mercedes-Benz,Maybach S 580 4MATIC Sedan,Full-size,4.0,8.0,A9,8.0,15.9,305,4,5
2023,Mercedes-Benz,Metris Cargo Van,Special purpose vehicle,2.0,4.0,A9,4.0,12.6,271,4,6
2023,Mercedes-Benz,Metris Cargo Van LWB,Special purpose vehicle,2.0,4.0,A9,4.0,12.6,271,4,6
2023,Mercedes-Benz,Metris Passenger Van,Special purpose vehicle,2.0,4.0,A9,4.0,13.4,285,4,6
2023,Mercedes-Benz,S 500 4MATIC Sedan,Full-size,3.0,6.0,A9,6.0,12.0,242,5,6
2023,Mercedes-Benz,S 580 4MATIC Sedan,Full-size,4.0,8.0,A9,8.0,14.3,285,4,5
2023,MINI,Cooper 3 Door,Subcompact,1.5,3.0,AM7,3.0,8.2,170,6,7
2023,MINI,Cooper 3 Door,Subcompact,1.5,3.0,M6,3.0,8.6,177,6,7
2023,MINI,Cooper 5 Door,Subcompact,1.5,3.0,AM7,3.0,8.2,170,6,7
2023,MINI,Cooper 5 Door,Subcompact,1.5,3.0,M6,3.0,8.6,177,6,7
2023,MINI,Cooper Clubman ALL4,Mid-size,1.5,3.0,AS8,3.0,9.6,199,6,7
2023,MINI,Cooper Convertible,Minicompact,1.5,3.0,AM7,3.0,8.2,170,6,7
2023,MINI,Cooper Convertible,Minicompact,1.5,3.0,M6,3.0,8.6,177,6,7
2023,MINI,Cooper Countryman,Mid-size,1.5,3.0,AM7,3.0,9.1,194,6,7
2023,MINI,Cooper Countryman ALL4,Mid-size,1.5,3.0,AS8,3.0,10.1,209,5,7
2023,MINI,Cooper S 3 Door,Subcompact,2.0,4.0,AM7,4.0,8.5,174,6,7
2023,MINI,Cooper S 3 Door,Subcompact,2.0,4.0,M6,4.0,10.3,205,5,7
2023,MINI,Cooper S 5 Door,Subcompact,2.0,4.0,AM7,4.0,8.5,174,6,7
2023,MINI,Cooper S 5 Door,Subcompact,2.0,4.0,M6,4.0,10.3,205,5,7
2023,MINI,Cooper S Clubman,Mid-size,2.0,4.0,AM7,4.0,9.3,191,6,7
2023,MINI,Cooper S Clubman,Mid-size,2.0,4.0,M6,4.0,10.9,217,5,7
2023,MINI,Cooper S Clubman ALL4,Mid-size,2.0,4.0,AS8,4.0,10.1,206,5,7
2023,MINI,Cooper S Convertible,Minicompact,2.0,4.0,AM7,4.0,8.8,182,6,7
2023,MINI,Cooper S Convertible,Minicompact,2.0,4.0,M6,4.0,10.1,205,5,7
2023,MINI,Cooper S Countryman,Mid-size,2.0,4.0,AM7,4.0,9.7,199,6,7
2023,MINI,Cooper S Countryman ALL4,Mid-size,2.0,4.0,AS8,4.0,10.4,212,5,7
2023,MINI,John Cooper Works 3 Door,Subcompact,2.0,4.0,AS8,4.0,9.3,191,6,7
2023,MINI,John Cooper Works 3 Door,Subcompact,2.0,4.0,M6,4.0,10.7,216,5,7
2023,MINI,John Cooper Works Clubman ALL4,Mid-size,2.0,4.0,AS8,4.0,10.1,210,5,3
2023,MINI,John Cooper Works Convertible,Minicompact,2.0,4.0,AS8,4.0,9.7,200,6,7
2023,MINI,John Cooper Works Countryman ALL4,Mid-size,2.0,4.0,AS8,4.0,10.0,210,5,3
2023,Mitsubishi,Eclipse Cross 4WD,SUV: Small,1.5,4.0,AV8,4.0,9.6,216,5,5
2023,Mitsubishi,Mirage,Compact,1.2,3.0,AV,3.0,6.6,143,7,5
2023,Mitsubishi,Mirage,Compact,1.2,3.0,M5,3.0,7.1,151,7,5
2023,Mitsubishi,Outlander 4WD,SUV: Small,2.5,4.0,AV8,4.0,9.7,208,5,6
2023,Mitsubishi,RVR,SUV: Small,2.0,4.0,AV6,4.0,9.7,207,5,5
2023,Mitsubishi,RVR 4WD,SUV: Small,2.0,4.0,AV6,4.0,10.0,213,5,5
2023,Mitsubishi,RVR 4WD,SUV: Small,2.4,4.0,AV6,4.0,10.3,218,5,5
2023,Nissan,Altima AWD,Mid-size,2.5,4.0,AV,4.0,9.1,187,6,7
2023,Nissan,Altima AWD SR/Platinum,Mid-size,2.5,4.0,AV,4.0,9.3,191,6,7
2023,Nissan,Armada 4WD,SUV: Standard,5.6,8.0,AS7,8.0,17.5,362,2,3
2023,Nissan,Frontier,Pickup truck: Standard,3.8,6.0,AS9,6.0,12.5,260,4,5
2023,Nissan,Frontier 4WD,Pickup truck: Standard,3.8,6.0,AS9,6.0,12.8,273,4,5
2023,Nissan,Frontier 4WD Pro-4X,Pickup truck: Standard,3.8,6.0,AS9,6.0,13.3,283,4,5
2023,Nissan,GT-R,Subcompact,3.8,6.0,AM6,6.0,14.4,300,4,3
2023,Nissan,Kicks,Mid-size,1.6,4.0,AV,4.0,7.7,169,6,7
2023,Nissan,Maxima,Mid-size,3.5,6.0,AV7,6.0,11.6,233,5,3
2023,Nissan,Murano AWD,Station wagon: Mid-size,3.5,6.0,AV7,6.0,12.0,245,5,5
2023,Nissan,Pathfinder 4WD,SUV: Small,3.5,6.0,AS9,6.0,11.6,246,5,5
2023,Nissan,Pathfinder 4WD Rock Creek,SUV: Small,3.5,6.0,AS9,6.0,11.9,260,4,5
2023,Nissan,Qashqai,Station wagon: Small,2.0,4.0,AV8,4.0,8.6,188,6,6
2023,Nissan,Qashqai AWD,Station wagon: Small,2.0,4.0,AV8,4.0,9.0,196,6,6
2023,Nissan,Rogue,SUV: Small,1.5,3.0,AV8,3.0,7.8,170,6,6
2023,Nissan,Rogue,SUV: Small,2.5,4.0,AV8,4.0,9.0,190,6,7
2023,Nissan,Rogue AWD,SUV: Small,1.5,3.0,AV8,3.0,8.4,179,6,6
2023,Nissan,Rogue AWD SL/Platinum,SUV: Small,1.5,3.0,AV8,3.0,8.4,181,6,6
2023,Nissan,Rogue AWD,SUV: Small,2.5,4.0,AV8,4.0,9.2,195,6,7
2023,Nissan,Sentra,Mid-size,2.0,4.0,AV,4.0,8.0,167,6,7
2023,Nissan,Sentra SR,Mid-size,2.0,4.0,AV,4.0,8.2,171,6,7
2023,Nissan,Sentra,Mid-size,2.0,4.0,M6,4.0,9.2,185,6,7
2023,Nissan,Sentra SR,Mid-size,2.0,4.0,M6,4.0,9.4,189,6,7
2023,Nissan,Versa,Compact,1.6,4.0,AV,4.0,7.4,158,7,7
2023,Nissan,Versa,Compact,1.6,4.0,M5,4.0,8.6,181,6,7
2023,Nissan,Z,Two-seater,3.0,6.0,AS9,6.0,12.3,249,5,5
2023,Nissan,Z,Two-seater,3.0,6.0,M6,6.0,13.4,280,4,5
2023,Porsche,911 Carrera,Minicompact,3.0,6.0,AM8,6.0,13.1,275,4,5
2023,Porsche,911 Carrera Cabriolet,Minicompact,3.0,6.0,AM8,6.0,13.1,275,4,5
2023,Porsche,911 Carrera S,Minicompact,3.0,6.0,AM8,6.0,12.9,274,4,5
2023,Porsche,911 Carrera S,Minicompact,3.0,6.0,M7,6.0,12.8,264,4,5
2023,Porsche,911 Carrera S Cabriolet,Minicompact,3.0,6.0,AM8,6.0,12.9,273,4,5
2023,Porsche,911 Carrera S Cabriolet,Minicompact,3.0,6.0,M7,6.0,13.8,275,4,5
2023,Ram,1500 eTorque,Pickup truck: Standard,3.6,6.0,A8,6.0,11.9,253,5,7
2023,Ram,1500 eTorque,Pickup truck: Standard,5.7,8.0,A8,8.0,13.0,275,4,5
2023,Ram,1500 4X4 EcoDiesel,Pickup truck: Standard,3.0,6.0,A8,6.0,11.1,260,4,1
2023,Ram,1500 4X4 eTorque,Pickup truck: Standard,3.6,6.0,A8,6.0,12.1,259,4,7
2023,Ram,1500 4X4,Pickup truck: Standard,5.7,8.0,A8,8.0,16.1,325,3,5
2023,Ram,1500 4X4 eTorque,Pickup truck: Standard,5.7,8.0,A8,8.0,13.5,284,4,5
2023,Ram,1500 4X4 TRX,Pickup truck: Standard,6.2,8.0,A8,8.0,22.4,465,1,1
2023,Ram,1500 Classic,Pickup truck: Standard,3.6,6.0,A8,6.0,13.6,276,4,7
2023,Ram,1500 Classic,Pickup truck: Standard,5.7,8.0,A8,8.0,16.1,322,3,5
2023,Ram,1500 Classic 4X4,Pickup truck: Standard,3.6,6.0,A8,6.0,14.5,294,4,7
2023,Ram,1500 Classic 4X4,Pickup truck: Standard,5.7,8.0,A8,8.0,16.2,330,3,5
2023,Rolls-Royce,Cullinan,Station wagon: Mid-size,6.7,12.0,AS8,12.0,20.1,389,2,3
2023,Rolls-Royce,Cullinan Black Badge,Station wagon: Mid-size,6.7,12.0,AS8,12.0,20.1,389,2,3
2023,Rolls-Royce,Ghost,Full-size,6.7,12.0,AS8,12.0,19.9,388,2,3
2023,Rolls-Royce,Ghost Black Badge,Full-size,6.7,12.0,AS8,12.0,19.9,388,2,3
2023,Rolls-Royce,Ghost Extended,Full-size,6.7,12.0,AS8,12.0,19.9,388,2,3
2023,Rolls-Royce,Phantom,Full-size,6.7,12.0,AS8,12.0,20.2,397,2,3
2023,Rolls-Royce,Phantom Extended,Full-size,6.7,12.0,AS8,12.0,20.2,397,2,3
2023,Subaru,Ascent AWD,SUV: Standard,2.4,4.0,AV8,4.0,12.3,256,5,5
2023,Subaru,BRZ,Minicompact,2.4,4.0,AS6,4.0,11.0,224,5,3
2023,Subaru,BRZ,Minicompact,2.4,4.0,M6,4.0,12.0,247,5,3
2023,Subaru,Crosstrek AWD,SUV: Small,2.0,4.0,AV8,4.0,8.5,184,6,7
2023,Subaru,Crosstrek AWD,SUV: Small,2.0,4.0,M6,4.0,10.5,220,5,7
2023,Subaru,Crosstrek AWD,SUV: Small,2.5,4.0,AV8,4.0,8.8,187,6,7
2023,Subaru,Forester AWD,SUV: Small,2.5,4.0,AV7,4.0,9.0,192,6,7
2023,Subaru,Forester Wilderness AWD,SUV: Small,2.5,4.0,AV8,4.0,9.5,210,5,7
2023,Subaru,Impreza 5-Door AWD,Station wagon: Small,2.0,4.0,AV7,4.0,8.4,178,6,7
2023,Subaru,Impreza 5-Door AWD,Station wagon: Small,2.0,4.0,M5,4.0,10.1,211,5,7
2023,Subaru,Legacy AWD,Full-size,2.4,4.0,AV8,4.0,10.1,209,5,6
2023,Subaru,Legacy AWD,Full-size,2.5,4.0,AV8,4.0,8.7,183,6,7
2023,Subaru,Outback AWD,SUV: Small,2.4,4.0,AV8,4.0,10.6,221,5,6
2023,Subaru,Outback AWD,SUV: Small,2.5,4.0,AV8,4.0,9.2,195,6,7
2023,Subaru,Outback Wilderness AWD,SUV: Small,2.4,4.0,AV8,4.0,11.0,235,5,6
2023,Subaru,WRX AWD,Mid-size,2.4,4.0,AV8,4.0,12.7,262,4,3
2023,Subaru,WRX AWD,Mid-size,2.4,4.0,M6,4.0,12.3,254,5,3
2023,Toyota,4Runner 4WD,SUV: Standard,4.0,6.0,AS5,6.0,14.9,323,3,5
2023,Toyota,4Runner 4WD (Part-Time 4WD),SUV: Standard,4.0,6.0,AS5,6.0,14.8,320,3,5
2023,Toyota,Camry SE,Mid-size,2.5,4.0,AS8,4.0,8.5,174,6,7
2023,Toyota,Camry XSE V6/TRD,Mid-size,3.5,6.0,AS8,6.0,10.8,220,5,5
2023,Toyota,Camry AWD SE,Mid-size,2.5,4.0,AS8,4.0,9.4,192,6,6
2023,Toyota,Camry AWD XSE,Mid-size,2.5,4.0,AS8,4.0,9.5,195,6,6
2023,Toyota,Camry Hybrid LE,Mid-size,2.5,4.0,AV6,4.0,4.9,113,8,7
2023,Toyota,Camry Hybrid SE/XLE/XSE,Mid-size,2.5,4.0,AV6,4.0,5.3,121,8,7
2023,Toyota,Corolla (1-mode),Compact,2.0,4.0,AV10,4.0,7.4,158,7,7
2023,Toyota,Corolla (3-mode),Compact,2.0,4.0,AV10,4.0,7.6,160,7,7
2023,Toyota,Corolla Hatchback,Compact,2.0,4.0,AV10,4.0,7.5,159,7,7
2023,Toyota,Corolla Hybrid,Compact,1.8,4.0,AV,4.0,4.4,110,8,7
2023,Toyota,Corolla Hybrid AWD (2-mode),Compact,1.8,4.0,AV,4.0,4.6,115,8,7
2023,Toyota,Corolla Hybrid AWD (3-mode),Compact,1.8,4.0,AV,4.0,5.0,124,8,7
2023,Toyota,Corolla Cross,SUV: Small,2.0,4.0,AV10,4.0,7.6,171,6,7
2023,Toyota,Corolla Cross AWD,SUV: Small,2.0,4.0,AV10,4.0,8.1,182,6,7
2023,Toyota,Corolla Cross Hybrid AWD,SUV: Small,2.0,4.0,AV6,4.0,5.2,130,8,7
2023,Toyota,Crown AWD,Mid-size,2.4,4.0,AS6,4.0,8.1,182,6,7
2023,Toyota,Crown AWD,Mid-size,2.5,4.0,AV,4.0,5.6,133,8,7
2023,Toyota,GR Corolla,Subcompact,1.6,3.0,M6,3.0,11.1,229,5,5
2023,Toyota,GR Supra 2.0,Two-seater,2.0,4.0,AS8,4.0,9.3,200,6,7
2023,Toyota,GR Supra 3.0,Two-seater,3.0,6.0,AS8,6.0,10.2,212,5,5
2023,Toyota,GR Supra 3.0,Two-seater,3.0,6.0,M6,6.0,12.7,255,5,5
2023,Toyota,GR86,Minicompact,2.4,4.0,AS6,4.0,11.1,225,5,3
2023,Toyota,GR86,Minicompact,2.4,4.0,M6,4.0,11.9,247,5,3
2023,Toyota,Highlander AWD,SUV: Small,2.4,4.0,AS8,4.0,11.0,231,5,7
2023,Toyota,Highlander Hybrid AWD,SUV: Standard,2.5,4.0,AV,4.0,6.7,158,7,7
2023,Toyota,Highlander Hybrid AWD Limited/Platinum,SUV: Standard,2.5,4.0,AV,4.0,6.6,156,7,7
2023,Toyota,Prius AWD,Mid-size,2.0,4.0,AV,4.0,4.8,111,8,7
2023,Toyota,RAV4,SUV: Small,2.5,4.0,AS8,4.0,8.8,184,6,7
2023,Toyota,RAV4 AWD,SUV: Small,2.5,4.0,AS8,4.0,9.5,199,6,6
2023,Toyota,RAV4 AWD (Stop/Start),SUV: Small,2.5,4.0,AS8,4.0,8.8,187,6,6
2023,Toyota,RAV4 AWD LE,SUV: Small,2.5,4.0,AS8,4.0,8.7,184,6,6
2023,Toyota,RAV4 Hybrid AWD,SUV: Small,2.5,4.0,AV,4.0,5.8,141,7,7
2023,Toyota,Sequoia 4WD,SUV: Standard,3.4,6.0,AS10,6.0,12.6,273,4,5
2023,Toyota,Sienna,Minivan,2.5,4.0,AV,4.0,6.6,154,7,7
2023,Toyota,Sienna AWD,Minivan,2.5,4.0,AV,4.0,6.8,158,7,7
2023,Toyota,Tacoma 4WD,Pickup truck: Small,3.5,6.0,AS6,6.0,13.0,278,4,5
2023,Toyota,Tacoma 4WD,Pickup truck: Small,3.5,6.0,M6,6.0,13.8,299,4,5
2023,Toyota,Tacoma 4WD D-Cab TRD Off-Road/PRO,Pickup truck: Small,3.5,6.0,M6,6.0,13.8,300,4,5
2023,Toyota,Tundra,Pickup truck: Standard,3.4,6.0,AS10,6.0,13.1,277,4,5
2023,Toyota,Tundra 4WD,Pickup truck: Standard,3.4,6.0,AS10,6.0,13.6,285,4,5
2023,Toyota,Tundra 4WD TRD,Pickup truck: Standard,3.4,6.0,AS10,6.0,13.5,286,4,5
2023,Toyota,Tundra Hybrid 4WD,Pickup truck: Standard,3.4,6.0,AS10,6.0,12.7,274,4,5
2023,Toyota,Tundra Hybrid 4WD TRD PRO,Pickup truck: Standard,3.4,6.0,AS10,6.0,12.9,287,4,5
2023,Toyota,Venza AWD,SUV: Small,2.5,4.0,AV,4.0,5.9,142,7,7
2023,Volkswagen,Atlas,SUV: Small,2.0,4.0,AS8,4.0,11.0,240,5,3
2023,Volkswagen,Atlas 4MOTION,SUV: Small,2.0,4.0,AS8,4.0,11.8,255,5,3
2023,Volkswagen,Atlas 4MOTION,SUV: Small,3.6,6.0,AS8,6.0,13.4,279,4,5
2023,Volkswagen,Atlas Cross Sport,SUV: Small,2.0,4.0,AS8,4.0,11.0,243,5,3
2023,Volkswagen,Atlas Cross Sport 4MOTION,SUV: Small,2.0,4.0,AS8,4.0,11.8,256,5,3
2023,Volkswagen,Atlas Cross Sport 4MOTION,SUV: Small,3.6,6.0,AS8,6.0,13.1,275,4,5
2023,Volkswagen,Golf GTI,Compact,2.0,4.0,AM7,4.0,9.7,198,6,5
2023,Volkswagen,Golf GTI,Compact,2.0,4.0,M6,4.0,10.0,205,5,5
2023,Volkswagen,Golf R,Compact,2.0,4.0,A7,4.0,10.3,213,5,5
2023,Volkswagen,Golf R,Compact,2.0,4.0,M6,4.0,11.8,237,5,5
2023,Volkswagen,Jetta,Compact,1.5,4.0,AS8,4.0,7.7,159,7,7
2023,Volkswagen,Jetta Comfortline/Highline,Compact,1.5,4.0,AS8,4.0,8.1,167,6,7
2023,Volkswagen,Jetta,Compact,1.5,4.0,M6,4.0,8.2,165,7,7
2023,Volkswagen,Jetta GLI,Compact,2.0,4.0,AM7,4.0,9.0,185,6,7
2023,Volkswagen,Jetta GLI,Compact,2.0,4.0,M6,4.0,9.1,186,6,7
2023,Volkswagen,Taos,SUV: Small,1.5,4.0,AS8,4.0,8.4,178,6,7
2023,Volkswagen,Taos 4MOTION,SUV: Small,1.5,4.0,AM7,4.0,9.5,200,6,7
2023,Volkswagen,Tiguan 4MOTION,SUV: Small,2.0,4.0,AS8,4.0,10.6,222,5,7
2023,Volkswagen,Tiguan R-Line 4MOTION,SUV: Small,2.0,4.0,AS8,4.0,11.0,229,5,7
2023,Volvo,S60 B5,Compact,2.0,4.0,AS8,4.0,9.0,186,6,5
2023,Volvo,S60 B5 AWD,Compact,2.0,4.0,AS8,4.0,9.4,193,6,5
2023,Volvo,S90 B6 AWD,Mid-size,2.0,4.0,AS8,4.0,10.3,211,5,7
2023,Volvo,V60 B6 AWD,Station wagon: Small,2.0,4.0,AS8,4.0,10.3,212,5,7
2023,Volvo,V60 CC B5 AWD,Station wagon: Small,2.0,4.0,AS8,4.0,10.1,211,5,5
2023,Volvo,V90 CC B6 AWD,Station wagon: Mid-size,2.0,4.0,AS8,4.0,10.9,227,5,7
2023,Volvo,XC40 B4 AWD,SUV: Small,2.0,4.0,AS8,4.0,10.0,208,5,5
2023,Volvo,XC40 B5 AWD,SUV: Small,2.0,4.0,AS8,4.0,10.2,215,5,5
2023,Volvo,XC60 B5 AWD,SUV: Small,2.0,4.0,AS8,4.0,10.3,218,5,5
2023,Volvo,XC60 B6 AWD,SUV: Small,2.0,4.0,AS8,4.0,11.1,233,5,7
2023,Volvo,XC90 B5 AWD,SUV: Standard,2.0,4.0,AS8,4.0,10.5,223,5,5
2023,Volvo,XC90 B6 AWD,SUV: Standard,2.0,4.0,AS8,4.0,11.9,249,5,7
